sno ,name,album,release_date,track_number,id,uri,acousticness,danceability,energy,instrumentalness,liveness,loudness,speechiness,tempo,valence,popularity,duration_ms
1,Tim McGraw,Taylor Swift (Deluxe Edition),24-10-2006,1,2Fn01AIMyHbha2ceNQeOqw,spotify:track:2Fn01AIMyHbha2ceNQeOqw,0.575,0.58,0.491,0,0.121,-6.462,0.0251,76.009,0.425,56,232106
2,Picture To Burn,Taylor Swift (Deluxe Edition),24-10-2006,2,4BYejINgfZF0qKDMEH2cim,spotify:track:4BYejINgfZF0qKDMEH2cim,0.173,0.658,0.877,0,0.0962,-2.098,0.0323,105.586,0.821,61,173066
3,Teardrops On My Guitar - Radio Single Remix,Taylor Swift (Deluxe Edition),24-10-2006,3,2TF4UtYreqNbQ6Z9AccldU,spotify:track:2TF4UtYreqNbQ6Z9AccldU,0.288,0.621,0.417,0,0.119,-6.941,0.0231,99.953,0.289,63,203040
4,A Place in this World,Taylor Swift (Deluxe Edition),24-10-2006,4,1oR4MUBpyNrAViC8wPNpfm,spotify:track:1oR4MUBpyNrAViC8wPNpfm,0.051,0.576,0.777,0,0.32,-2.881,0.0324,115.028,0.428,55,199200
5,Cold As You,Taylor Swift (Deluxe Edition),24-10-2006,5,569sXXQ7t0jSdqHooi2yqs,spotify:track:569sXXQ7t0jSdqHooi2yqs,0.217,0.418,0.482,0,0.123,-5.769,0.0266,175.558,0.261,55,239013
6,The Outside,Taylor Swift (Deluxe Edition),24-10-2006,6,5Tj2MqcFMf60CaGsKbM1aq,spotify:track:5Tj2MqcFMf60CaGsKbM1aq,0.00491,0.589,0.805,0,0.24,-4.055,0.0293,112.982,0.591,54,207106
7,Tied Together with a Smile,Taylor Swift (Deluxe Edition),24-10-2006,7,2zzxwmoOBnXDT0KnJsoIWk,spotify:track:2zzxwmoOBnXDT0KnJsoIWk,0.525,0.479,0.578,0,0.0841,-4.963,0.0294,146.165,0.192,54,248106
8,Stay Beautiful,Taylor Swift (Deluxe Edition),24-10-2006,8,41sjzdjScVwnxnxADElts6,spotify:track:41sjzdjScVwnxnxADElts6,0.0868,0.594,0.629,0,0.137,-4.919,0.0246,131.597,0.504,53,236053
9,Should've Said No,Taylor Swift (Deluxe Edition),24-10-2006,9,6CdaXOq1MWe2JHDalTG01d,spotify:track:6CdaXOq1MWe2JHDalTG01d,0.0103,0.476,0.777,0,0.196,-3.771,0.0289,167.964,0.472,60,242200
10,Mary's Song (Oh My My My),Taylor Swift (Deluxe Edition),24-10-2006,10,2O8sogKJCfVZ4rotBv1vVF,spotify:track:2O8sogKJCfVZ4rotBv1vVF,0.0177,0.403,0.627,0,0.182,-5.28,0.0292,74.9,0.374,57,213080
11,Our Song,Taylor Swift (Deluxe Edition),24-10-2006,11,1j6gmK6u4WNI33lMZ8dC1s,spotify:track:1j6gmK6u4WNI33lMZ8dC1s,0.111,0.668,0.672,0,0.329,-4.931,0.0303,89.011,0.539,64,201106
12,I'm Only Me When I'm With You,Taylor Swift (Deluxe Edition),24-10-2006,12,7CzxXgQXurKZCyHz9ufbo1,spotify:track:7CzxXgQXurKZCyHz9ufbo1,0.00452,0.563,0.934,0.000807,0.103,-3.629,0.0646,143.964,0.518,56,213053
13,Invisible,Taylor Swift (Deluxe Edition),24-10-2006,13,1k3PzDNjg38cWqOvL4M9vq,spotify:track:1k3PzDNjg38cWqOvL4M9vq,0.637,0.612,0.394,0,0.147,-5.723,0.0243,96.001,0.233,54,203226
14,A Perfectly Good Heart,Taylor Swift (Deluxe Edition),24-10-2006,14,0YgHuReCSPwTXYny7isLja,spotify:track:0YgHuReCSPwTXYny7isLja,0.00349,0.483,0.751,0,0.128,-5.726,0.0365,156.092,0.268,53,220146
15,Teardrops on My Guitar - Pop Version,Taylor Swift (Deluxe Edition),24-10-2006,15,1hxLyjC9D9Jpw6EAPKqWv4,spotify:track:1hxLyjC9D9Jpw6EAPKqWv4,0.0402,0.459,0.753,0,0.0863,-3.827,0.0537,199.997,0.483,55,179066
16,Love Story - Live From Clear Channel Stripped 2008,Live From Clear Channel Stripped 2008,28-06-2008,1,4RBKAqJ3qyvvriDG0s9IJ3,spotify:track:4RBKAqJ3qyvvriDG0s9IJ3,0.659,0.741,0.444,0,0.131,-7.031,0.0311,119.006,0.512,35,221028
17,Fearless - Live From Clear Channel Stripped 2008,Live From Clear Channel Stripped 2008,28-06-2008,2,5g7RMU3cV7zXWH244BLe7G,spotify:track:5g7RMU3cV7zXWH244BLe7G,0.814,0.623,0.266,0,0.145,-5.894,0.026,96.601,0.467,35,198247
18,Beautiful Eyes - Live From Clear Channel Stripped 2008,Live From Clear Channel Stripped 2008,28-06-2008,3,4aBW31cmkA7BLColUsMEeZ,spotify:track:4aBW31cmkA7BLColUsMEeZ,0.596,0.627,0.704,0,0.0598,-3.739,0.0269,98.958,0.457,38,176316
19,Untouchable - Live From Clear Channel Stripped 2008,Live From Clear Channel Stripped 2008,28-06-2008,4,4MbHDiHQjhmoVAV75G04Ql,spotify:track:4MbHDiHQjhmoVAV75G04Ql,0.856,0.731,0.184,0,0.0927,-9.235,0.0418,102.404,0.331,32,222959
20,Teardrops On My Guitar - Live From Clear Channel Stripped 2008,Live From Clear Channel Stripped 2008,28-06-2008,5,4DjevQhsPWULcondN4mRh5,spotify:track:4DjevQhsPWULcondN4mRh5,0.664,0.344,0.801,0,0.106,-5.373,0.0574,204.489,0.615,30,196346
21,Picture To Burn - Live From Clear Channel Stripped 2008,Live From Clear Channel Stripped 2008,28-06-2008,6,7EvU9pRoJ9Xs7anx0P7tEc,spotify:track:7EvU9pRoJ9Xs7anx0P7tEc,0.266,0.647,0.872,0,0.419,-1.953,0.0524,105.798,0.684,30,173899
22,Should've Said No - Live From Clear Channel Stripped 2008,Live From Clear Channel Stripped 2008,28-06-2008,7,5a9hUL6ZuiagZhazwrtwHF,spotify:track:5a9hUL6ZuiagZhazwrtwHF,0.399,0.429,0.808,0,0.0884,-3.004,0.0677,171.537,0.438,30,228473
23,Change - Live From Clear Channel Stripped 2008,Live From Clear Channel Stripped 2008,28-06-2008,8,69o9kr9UexjzeZDE8yD8dQ,spotify:track:69o9kr9UexjzeZDE8yD8dQ,0.156,0.243,0.712,0,0.111,-4.307,0.0577,202.319,0.273,28,258487
24,Jump Then Fall,Fearless (Platinum Edition),11-11-2008,1,6WWvcA62QlnRguluWAk6bv,spotify:track:6WWvcA62QlnRguluWAk6bv,0.111,0.618,0.687,0,0.0693,-5.737,0.0271,79.991,0.82,41,237066
25,Untouchable,Fearless (Platinum Edition),11-11-2008,2,6ovFJkdau79DuXEvQjPaNH,spotify:track:6ovFJkdau79DuXEvQjPaNH,0.0583,0.419,0.454,3.78E-06,0.0974,-6.809,0.0335,200.017,0.288,43,311040
26,Forever & Always - Piano Version,Fearless (Platinum Edition),11-11-2008,3,13MAWVUSkbGMUi6I7RowRK,spotify:track:13MAWVUSkbGMUi6I7RowRK,0.852,0.592,0.16,0,0.116,-10.785,0.0347,118.929,0.294,41,267506
27,Come In With The Rain,Fearless (Platinum Edition),11-11-2008,4,0cEG04R5cldkTLzK6phlcn,spotify:track:0cEG04R5cldkTLzK6phlcn,0.0961,0.527,0.461,2.47E-06,0.24,-6.172,0.0256,143.94,0.23,39,238093
28,SuperStar,Fearless (Platinum Edition),11-11-2008,5,0XfTh16YcKPzdxMPTeKTAq,spotify:track:0XfTh16YcKPzdxMPTeKTAq,0.367,0.61,0.531,0,0.351,-6.123,0.0239,85.979,0.228,38,261453
29,The Other Side Of The Door,Fearless (Platinum Edition),11-11-2008,6,1yDJcXc549N6AabNBzFAku,spotify:track:1yDJcXc549N6AabNBzFAku,0.169,0.476,0.816,0,0.238,-4.279,0.0347,163.847,0.469,39,237600
30,Fearless,Fearless (Platinum Edition),11-11-2008,7,6zV8AVM9eVfdG7Qahwd64R,spotify:track:6zV8AVM9eVfdG7Qahwd64R,0.0449,0.593,0.705,0,0.309,-4.43,0.0269,100.11,0.472,36,242373
31,Fifteen,Fearless (Platinum Edition),11-11-2008,8,4yf9OivCH2lmQWN8mzpCC6,spotify:track:4yf9OivCH2lmQWN8mzpCC6,0.072,0.555,0.648,0,0.143,-4.419,0.027,95.431,0.207,32,294306
32,Love Story,Fearless (Platinum Edition),11-11-2008,9,5xPsybHWRHbTYO44xnREY5,spotify:track:5xPsybHWRHbTYO44xnREY5,0.0186,0.62,0.639,0.00011,0.206,-5.398,0.0285,119.055,0.34,46,233933
33,Hey Stephen,Fearless (Platinum Edition),11-11-2008,10,4fWDgRZa0GKE5KZNhE9MQa,spotify:track:4fWDgRZa0GKE5KZNhE9MQa,0.174,0.843,0.543,3.87E-06,0.0968,-7.364,0.0317,116,0.826,30,254680
34,White Horse,Fearless (Platinum Edition),11-11-2008,11,1yFjBRQVhRdcdnrTE5LuyD,spotify:track:1yFjBRQVhRdcdnrTE5LuyD,0.298,0.587,0.342,0,0.106,-8.034,0.0257,92.71,0.212,33,233560
35,You Belong With Me,Fearless (Platinum Edition),11-11-2008,12,7G6TDmGJXDoBaV6NGj3Yic,spotify:track:7G6TDmGJXDoBaV6NGj3Yic,0.151,0.688,0.775,1.98E-05,0.104,-4.436,0.0381,129.969,0.469,45,230506
36,Breathe,Fearless (Platinum Edition),11-11-2008,13,0qsSmObOgBZfuMIwfAQDBP,spotify:track:0qsSmObOgBZfuMIwfAQDBP,0.389,0.488,0.472,0,0.125,-7.39,0.0275,147.926,0.163,31,263720
37,Tell Me Why,Fearless (Platinum Edition),11-11-2008,14,6vLpy7UPYuOa75Bkqocrcw,spotify:track:6vLpy7UPYuOa75Bkqocrcw,0.0611,0.606,0.848,1.99E-06,0.374,-3.058,0.0374,99.999,0.476,27,200213
38,You're Not Sorry,Fearless (Platinum Edition),11-11-2008,15,4N419mmxYybTfAECy5j4dw,spotify:track:4N419mmxYybTfAECy5j4dw,0.145,0.471,0.458,2.39E-06,0.108,-4.137,0.027,133.96,0.309,28,261800
39,The Way I Loved You,Fearless (Platinum Edition),11-11-2008,16,04LDcz3RX1P5sIlzQGqgUN,spotify:track:04LDcz3RX1P5sIlzQGqgUN,0.0315,0.434,0.723,0,0.125,-3.748,0.0335,160.872,0.412,31,244626
40,Forever & Always,Fearless (Platinum Edition),11-11-2008,17,3yuOL0jFnVR8tizZzNNo0F,spotify:track:3yuOL0jFnVR8tizZzNNo0F,0.0788,0.604,0.816,0,0.164,-5.002,0.0537,128,0.55,28,225000
41,The Best Day,Fearless (Platinum Edition),11-11-2008,18,7G9D32Kx7hdQ9Uga1V4VXm,spotify:track:7G9D32Kx7hdQ9Uga1V4VXm,0.648,0.671,0.44,3.04E-06,0.141,-8.561,0.0287,126.059,0.368,26,245266
42,Change,Fearless (Platinum Edition),11-11-2008,19,493jXNrYmXPCMbSJvVRYLk,spotify:track:493jXNrYmXPCMbSJvVRYLk,0.00465,0.545,0.747,0,0.115,-4.231,0.037,96.017,0.214,25,278546
43,Mine - POP Mix,Speak Now (Deluxe Package),01-01-2010,1,0OAHsZ8vrS2NKom3cvfJQD,spotify:track:0OAHsZ8vrS2NKom3cvfJQD,0.00461,0.696,0.768,1.21E-06,0.101,-3.863,0.0308,121.05,0.692,42,230546
44,Sparks Fly,Speak Now (Deluxe Package),01-01-2010,2,09cM9BjyNFizKUOXh6j9rT,spotify:track:09cM9BjyNFizKUOXh6j9rT,0.0387,0.608,0.785,0,0.158,-2.976,0.0311,114.985,0.376,52,260946
45,Back To December,Speak Now (Deluxe Package),01-01-2010,3,0tr6XR58KBdDYd8qvHVTs8,spotify:track:0tr6XR58KBdDYd8qvHVTs8,0.0202,0.517,0.606,0,0.324,-5.797,0.0289,141.929,0.296,63,293040
46,Speak Now,Speak Now (Deluxe Package),01-01-2010,4,2PBghI9zJkQEWBzMSMo2Ki,spotify:track:2PBghI9zJkQEWBzMSMo2Ki,0.101,0.708,0.601,0,0.0979,-3.75,0.0306,118.962,0.742,51,240773
47,Dear John,Speak Now (Deluxe Package),01-01-2010,5,1GeLxMgpeCnMJntwyW6rLw,spotify:track:1GeLxMgpeCnMJntwyW6rLw,0.183,0.583,0.468,1.65E-06,0.111,-5.378,0.0278,119.375,0.126,46,403887
48,Mean,Speak Now (Deluxe Package),01-01-2010,6,6yM6QsnTCTVOkKEvg3hGlo,spotify:track:6yM6QsnTCTVOkKEvg3hGlo,0.445,0.57,0.747,0,0.219,-3.978,0.0426,164.004,0.808,55,237746
49,The Story Of Us,Speak Now (Deluxe Package),01-01-2010,7,7vBlnGdfOLzVEqiOQQxeU8,spotify:track:7vBlnGdfOLzVEqiOQQxeU8,0.000315,0.575,0.855,0.00161,0.0419,-4.827,0.0467,139.92,0.84,40,265636
50,Never Grow Up,Speak Now (Deluxe Package),01-01-2010,8,57w0Uyk2jJAkO2hMJ36xJZ,spotify:track:57w0Uyk2jJAkO2hMJ36xJZ,0.829,0.715,0.308,0,0.16,-8.829,0.0305,124.899,0.547,44,290480
51,Enchanted,Speak Now (Deluxe Package),01-01-2010,9,3sqrvkNC6IPTIXvvbx9Arw,spotify:track:3sqrvkNC6IPTIXvvbx9Arw,0.0716,0.535,0.618,0.000388,0.169,-3.913,0.0273,81.975,0.228,71,352200
52,Better Than Revenge,Speak Now (Deluxe Package),01-01-2010,10,55mh9j2aB7xZ1Oh463gK8k,spotify:track:55mh9j2aB7xZ1Oh463gK8k,0.0167,0.519,0.917,2.06E-05,0.359,-3.185,0.0887,145.882,0.652,54,217173
53,Innocent,Speak Now (Deluxe Package),01-01-2010,11,4LraIz87diVQdDK0rhi0S4,spotify:track:4LraIz87diVQdDK0rhi0S4,0.202,0.553,0.604,0,0.125,-5.295,0.0258,133.989,0.186,40,302266
54,Haunted,Speak Now (Deluxe Package),01-01-2010,12,72idZxdEHLbi2YI486c3sE,spotify:track:72idZxdEHLbi2YI486c3sE,0.0769,0.434,0.944,0,0.151,-2.641,0.0581,162.02,0.361,48,242093
55,Last Kiss,Speak Now (Deluxe Package),01-01-2010,13,1VCJ7vk3Y2DoJIAEOXe3V8,spotify:track:1VCJ7vk3Y2DoJIAEOXe3V8,0.581,0.359,0.329,3.75E-05,0.0979,-9.531,0.0293,84.358,0.208,46,367146
56,Long Live,Speak Now (Deluxe Package),01-01-2010,14,7BFc7ffruhZ4Hecnqf5xju,spotify:track:7BFc7ffruhZ4Hecnqf5xju,0.0426,0.412,0.682,7.47E-05,0.106,-4.319,0.0339,203.959,0.146,46,317960
57,Ours,Speak Now (Deluxe Package),01-01-2010,15,0hK93KD6Y0j9giUGh4Valj,spotify:track:0hK93KD6Y0j9giUGh4Valj,0.505,0.61,0.556,0,0.0851,-7.369,0.0285,159.838,0.192,46,238173
58,If This Was A Movie,Speak Now (Deluxe Package),01-01-2010,16,5tSmAABuoOfR59lrtXdDqm,spotify:track:5tSmAABuoOfR59lrtXdDqm,0.154,0.515,0.724,4.05E-06,0.269,-3.498,0.0267,147.788,0.257,45,234546
59,Superman,Speak Now (Deluxe Package),01-01-2010,17,6aJ0ipi4EPmu1aTbFeXZnw,spotify:track:6aJ0ipi4EPmu1aTbFeXZnw,0.0187,0.582,0.817,1.94E-06,0.101,-3.718,0.0337,131.983,0.547,39,276266
60,Back To December - Acoustic,Speak Now (Deluxe Package),01-01-2010,18,7k7BOXE4u6luKTwcLEAyrd,spotify:track:7k7BOXE4u6luKTwcLEAyrd,0.731,0.541,0.451,0,0.197,-6.522,0.027,141.713,0.333,49,292533
61,Haunted - Acoustic Version,Speak Now (Deluxe Package),01-01-2010,19,6SdBf0ZsJZoKaH5zcDaz9X,spotify:track:6SdBf0ZsJZoKaH5zcDaz9X,0.841,0.574,0.462,0,0.28,-5.124,0.0252,80.858,0.314,44,217626
62,Mine,Speak Now (Deluxe Package),01-01-2010,20,67Io3gxHwfbUreBf114c0u,spotify:track:67Io3gxHwfbUreBf114c0u,0.00327,0.621,0.78,4.55E-06,0.184,-2.934,0.0297,121.038,0.672,57,230773
63,Sparks Fly - Live/2011,Speak Now World Tour Live,25-10-2010,1,1aBJNc2thaKyh5THWzIqHX,spotify:track:1aBJNc2thaKyh5THWzIqHX,0.00917,0.455,0.783,0,0.918,-5.184,0.0393,114.981,0.298,42,336826
64,Mine - Live/2011,Speak Now World Tour Live,25-10-2010,2,7yndkPYP6YQQLBpPsizDfh,spotify:track:7yndkPYP6YQQLBpPsizDfh,0.00233,0.496,0.852,0,0.554,-4.775,0.0373,120.969,0.442,40,259279
65,The Story Of Us - Live,Speak Now World Tour Live,25-10-2010,3,72GIZuUXo14oyrS0si3Rgc,spotify:track:72GIZuUXo14oyrS0si3Rgc,0.00048,0.419,0.908,0,0.815,-5.156,0.0651,139.813,0.472,40,290520
66,Mean - Live/2011,Speak Now World Tour Live,25-10-2010,4,7mFiEij8AXPUZB7aKLbUlQ,spotify:track:7mFiEij8AXPUZB7aKLbUlQ,0.154,0.429,0.915,0,0.693,-4.373,0.069,163.752,0.432,40,246373
67,Ours - Live/2011,Speak Now World Tour Live,25-10-2010,5,68QyrSzpnoU04AAhE5z8lj,spotify:track:68QyrSzpnoU04AAhE5z8lj,0.715,0.421,0.355,0,0.867,-10.21,0.0298,77.769,0.267,39,245973
68,Back To December/Apologize/You're Not Sorry - Live/2011/Medley,Speak Now World Tour Live,25-10-2010,6,1IsquhJFJ0qcFZI7FeAEuN,spotify:track:1IsquhJFJ0qcFZI7FeAEuN,0.155,0.374,0.516,0,0.795,-8.745,0.0294,142.057,0.171,47,362826
69,Better Than Revenge - Live/2011,Speak Now World Tour Live,25-10-2010,7,6505MLhnqTDDg4tjoUz2Wp,spotify:track:6505MLhnqTDDg4tjoUz2Wp,0.00306,0.445,0.887,2.67E-05,0.931,-5.629,0.0768,145.954,0.386,41,344573
70,Speak Now - Live/2011,Speak Now World Tour Live,25-10-2010,8,3QFB14MOUf3imlyISNmrbT,spotify:track:3QFB14MOUf3imlyISNmrbT,0.0636,0.615,0.694,1.28E-06,0.83,-5.251,0.0318,118.876,0.373,40,248146
71,Last Kiss - Live/2011,Speak Now World Tour Live,25-10-2010,9,6hH37tyeRdyan1mAppmVor,spotify:track:6hH37tyeRdyan1mAppmVor,0.205,0.427,0.395,8.73E-06,0.701,-12.551,0.0291,79.517,0.188,40,369066
72,Drops Of Jupiter - Live/2011,Speak Now World Tour Live,25-10-2010,10,0BSmbCIY36iw04azzJ3S0S,spotify:track:0BSmbCIY36iw04azzJ3S0S,0.806,0.374,0.504,0,0.76,-8.407,0.0392,109.025,0.27,46,315173
73,Bette Davis Eyes - Live/2011,Speak Now World Tour Live,25-10-2010,11,6KF9xd2hBLuexrmBX4vUWD,spotify:track:6KF9xd2hBLuexrmBX4vUWD,0.713,0.327,0.488,0,0.837,-9.287,0.0322,104.46,0.363,42,189146
74,I Want You Back - Live/2011,Speak Now World Tour Live,25-10-2010,12,4KB3zBArZ1rHRExilzycaV,spotify:track:4KB3zBArZ1rHRExilzycaV,0.794,0.536,0.512,0.000122,0.497,-6.794,0.0341,97.397,0.249,40,83253
75,Dear John - Live/2011,Speak Now World Tour Live,25-10-2010,13,4DbI1rr4IQ2bc8nejy9ttd,spotify:track:4DbI1rr4IQ2bc8nejy9ttd,0.0157,0.521,0.386,0,0.884,-8.784,0.0301,119.518,0.138,40,404680
76,Enchanted - Live/2011,Speak Now World Tour Live,25-10-2010,14,3lm4L3pPL32PFy74dR17OR,spotify:track:3lm4L3pPL32PFy74dR17OR,0.0747,0.34,0.663,2.34E-06,0.563,-5.597,0.0331,163.678,0.214,42,389213
77,Haunted - Live/2011,Speak Now World Tour Live,25-10-2010,15,6znB7YZhMJT2B83zfbiyLq,spotify:track:6znB7YZhMJT2B83zfbiyLq,0.0245,0.338,0.818,0,0.889,-7.495,0.0496,162.157,0.177,41,292426
78,Long Live - Live/2011,Speak Now World Tour Live,25-10-2010,16,5QkzyLUb4ggojNDp8G2OxX,spotify:track:5QkzyLUb4ggojNDp8G2OxX,0.0053,0.544,0.728,0,0.865,-5.838,0.0282,101.939,0.204,41,376466
79,State Of Grace,Red,22-10-2012,1,786NsUYn4GGUf8AOt0SQhP,spotify:track:786NsUYn4GGUf8AOt0SQhP,0.000197,0.588,0.825,0.00138,0.0885,-5.882,0.0328,129.968,0.397,40,295186
80,Red,Red,22-10-2012,2,0cITLOYn1Sv4q27zZPqlNK,spotify:track:0cITLOYn1Sv4q27zZPqlNK,0.0773,0.602,0.896,8.87E-05,0.091,-4.267,0.0437,124.978,0.641,58,220826
81,Treacherous,Red,22-10-2012,3,5kYFVSQoPu7yRpfiHBwMUk,spotify:track:5kYFVSQoPu7yRpfiHBwMUk,0.101,0.705,0.621,4.30E-06,0.147,-8.086,0.0334,109.993,0.395,38,240773
82,I Knew You Were Trouble.,Red,22-10-2012,4,72jCZdH0Lhg93z6Z4hBjgj,spotify:track:72jCZdH0Lhg93z6Z4hBjgj,0.00454,0.622,0.469,2.25E-06,0.0398,-6.798,0.0363,77.019,0.679,61,217973
83,All Too Well,Red,22-10-2012,5,4XMP3zVxrnr58T0tjIHvpR,spotify:track:4XMP3zVxrnr58T0tjIHvpR,0.0382,0.602,0.609,0.0002,0.127,-7.803,0.0243,93.06,0.337,44,327893
84,22,Red,22-10-2012,6,2ULNeSomDxVNmdDy8VxEBU,spotify:track:2ULNeSomDxVNmdDy8VxEBU,0.00215,0.658,0.729,0.0013,0.0752,-6.561,0.0378,104.007,0.668,53,230133
85,I Almost Do,Red,22-10-2012,7,5VwFkx7JOimOGTYfha5rs1,spotify:track:5VwFkx7JOimOGTYfha5rs1,0.0173,0.567,0.481,4.13E-05,0.182,-7.357,0.027,145.865,0.233,39,242573
86,We Are Never Ever Getting Back Together,Red,22-10-2012,8,7AEAGTc8cReDqcbPoY9gwo,spotify:track:7AEAGTc8cReDqcbPoY9gwo,0.00957,0.628,0.676,2.65E-05,0.102,-5.911,0.0916,85.984,0.75,59,191880
87,Stay Stay Stay,Red,22-10-2012,9,1qLeEu4iXEclkLwoBlMiou,spotify:track:1qLeEu4iXEclkLwoBlMiou,0.307,0.729,0.748,1.29E-06,0.09,-6.67,0.0245,99.981,0.928,39,204826
88,The Last Time,Red,22-10-2012,10,3n9mzjgAzjyKawvbHzciXF,spotify:track:3n9mzjgAzjyKawvbHzciXF,0.035,0.505,0.443,3.15E-06,0.0921,-7.039,0.0276,94.069,0.123,38,298293
89,Holy Ground,Red,22-10-2012,11,1fGsZsIkQkOspfsT24nQP6,spotify:track:1fGsZsIkQkOspfsT24nQP6,0.0162,0.627,0.816,0.00208,0.0966,-6.698,0.0774,157.043,0.648,37,201853
90,Sad Beautiful Tragic,Red,22-10-2012,12,6LKjHhOW1az75pCQ9XJJtF,spotify:track:6LKjHhOW1az75pCQ9XJJtF,0.632,0.624,0.34,0.0337,0.121,-12.411,0.029,129.987,0.261,35,283680
91,The Lucky One,Red,22-10-2012,13,2X2J0BhxaLTmnxO4pPUhSd,spotify:track:2X2J0BhxaLTmnxO4pPUhSd,0.0371,0.706,0.499,0,0.132,-7.675,0.0369,117.937,0.545,36,240133
92,Everything Has Changed,Red,22-10-2012,14,4NAmRvqSITAAzKWnC8yRq3,spotify:track:4NAmRvqSITAAzKWnC8yRq3,0.36,0.624,0.458,3.89E-06,0.303,-6.755,0.0287,80.017,0.436,50,243933
93,Starlight,Red,22-10-2012,15,7MecVsMj22MneZt7kVFaCr,spotify:track:7MecVsMj22MneZt7kVFaCr,0.0213,0.649,0.777,0.000335,0.221,-5.804,0.0406,126.018,0.587,37,217826
94,Begin Again,Red,22-10-2012,16,0L4YCNRfXAoTvdpWeH2RGj,spotify:track:0L4YCNRfXAoTvdpWeH2RGj,0.199,0.53,0.526,3.52E-06,0.232,-8.349,0.0263,79.025,0.323,56,237613
95,The Moment I Knew,Red (Deluxe Edition),22-10-2012,17,4qTAwKJQ68gmnrnfPD3vlO,spotify:track:4qTAwKJQ68gmnrnfPD3vlO,0.187,0.619,0.506,1.47E-05,0.101,-7.327,0.0315,126.03,0.274,38,286613
96,Come Back...Be Here,Red (Deluxe Edition),22-10-2012,18,1n8rB9AhxiAvVP1E2c3yOd,spotify:track:1n8rB9AhxiAvVP1E2c3yOd,0.00471,0.483,0.548,2.01E-06,0.0997,-6.291,0.0254,79.926,0.217,43,223920
97,Girl At Home,Red (Deluxe Edition),22-10-2012,19,6VFpuI0DDmbC5UyWZQ4IRY,spotify:track:6VFpuI0DDmbC5UyWZQ4IRY,0.272,0.733,0.59,0,0.134,-5.86,0.0284,125.048,0.633,37,220840
98,Treacherous - Original Demo Recording,Red (Deluxe Edition),22-10-2012,20,7skiELMb9SiQCcBpsExIJf,spotify:track:7skiELMb9SiQCcBpsExIJf,0.175,0.828,0.64,6.14E-05,0.0991,-8.248,0.0355,109.993,0.519,34,240266
99,Red - Original Demo Recording,Red (Deluxe Edition),22-10-2012,21,2OghnlGqZZsFzHjG0CSE9l,spotify:track:2OghnlGqZZsFzHjG0CSE9l,0.113,0.678,0.902,0.000235,0.0705,-4.659,0.0358,124.998,0.637,36,227080
100,State Of Grace - Acoustic,Red (Deluxe Edition),22-10-2012,22,5mfDBWY7ncZFm7ykmFTG4i,spotify:track:5mfDBWY7ncZFm7ykmFTG4i,0.664,0.626,0.118,0.000169,0.127,-15.91,0.0305,105.597,0.0682,37,323080
101,Welcome To New York,1989,01-01-2014,1,10nqz67NQWWa7XPq7ycihi,spotify:track:10nqz67NQWWa7XPq7ycihi,0.038,0.793,0.634,1.76E-06,0.304,-4.807,0.0324,117.023,0.615,59,212600
102,Blank Space,1989,01-01-2014,2,2ls70nUDfjzm1lSRDuKxmw,spotify:track:2ls70nUDfjzm1lSRDuKxmw,0.085,0.752,0.678,1.64E-06,0.13,-5.421,0.0646,96.009,0.583,60,231826
103,Style,1989,01-01-2014,3,71PmZqBXH0RUETqxpwlV0w,spotify:track:71PmZqBXH0RUETqxpwlV0w,0.00256,0.598,0.786,0.00143,0.117,-5.572,0.0382,95.021,0.456,56,231000
104,Out Of The Woods,1989,01-01-2014,4,7EpVQjqtKygiwJIASxMWNg,spotify:track:7EpVQjqtKygiwJIASxMWNg,0.00103,0.552,0.841,1.23E-05,0.337,-6.938,0.0372,91.993,0.342,46,235800
105,All You Had To Do Was Stay,1989,01-01-2014,5,4NNolUeL5m2ju7kf8pdg6H,spotify:track:4NNolUeL5m2ju7kf8pdg6H,0.00196,0.602,0.735,4.77E-05,0.105,-5.778,0.0337,96.969,0.472,53,193293
106,Shake It Off,1989,01-01-2014,6,1kKlhuQE0HXp1IwBRpaH2P,spotify:track:1kKlhuQE0HXp1IwBRpaH2P,0.0561,0.648,0.785,0,0.148,-5.414,0.165,160.02,0.943,53,219200
107,I Wish You Would,1989,01-01-2014,7,5RVJ6VKfwtosA5Q1qeHdjF,spotify:track:5RVJ6VKfwtosA5Q1qeHdjF,0.016,0.649,0.898,9.90E-05,0.109,-5.963,0.0511,118.027,0.503,42,207440
108,Bad Blood,1989,01-01-2014,8,0TvQLMecTE8utzoNmvXRbK,spotify:track:0TvQLMecTE8utzoNmvXRbK,0.0871,0.652,0.802,6.45E-06,0.148,-6.114,0.181,170.157,0.295,71,211933
109,Wildest Dreams,1989,01-01-2014,9,3fVnlF4pGqWI9flVENcT28,spotify:track:3fVnlF4pGqWI9flVENcT28,0.0709,0.553,0.664,0.0056,0.106,-7.417,0.0741,140.06,0.467,75,220440
110,How You Get The Girl,1989,01-01-2014,10,5Z9ocF6ng0m2haHnKtHwTp,spotify:track:5Z9ocF6ng0m2haHnKtHwTp,0.00463,0.764,0.659,0.00458,0.0915,-6.136,0.0492,119.982,0.525,43,247533
111,This Love,1989,01-01-2014,11,7lTxQZVXlvIX7Z3szSy8Sh,spotify:track:7lTxQZVXlvIX7Z3szSy8Sh,0.635,0.485,0.459,0,0.101,-8.768,0.0337,71.981,0.0858,42,250093
112,I Know Places,1989,01-01-2014,12,6Ck9WerfsyvC4v4AylUoDp,spotify:track:6Ck9WerfsyvC4v4AylUoDp,0.231,0.595,0.763,0,0.2,-4.991,0.0661,159.959,0.507,43,195706
113,Clean,1989,01-01-2014,13,2k43eySbfpDVx0PrO99UI8,spotify:track:2k43eySbfpDVx0PrO99UI8,0.242,0.81,0.38,0,0.113,-7.755,0.035,103.981,0.211,42,271000
114,Wonderland,1989 (Deluxe),01-01-2014,14,6RvRzl1YJTDnUvdOtV21IK,spotify:track:6RvRzl1YJTDnUvdOtV21IK,0.0493,0.422,0.692,2.57E-05,0.177,-5.447,0.0549,184.014,0.197,55,245560
115,You Are In Love,1989 (Deluxe),01-01-2014,15,2KrOAg6FftbjgSKdd2a4rS,spotify:track:2KrOAg6FftbjgSKdd2a4rS,0.707,0.474,0.48,0.000108,0.0903,-8.894,0.0622,170.109,0.319,55,267106
116,New Romantics,1989 (Deluxe),01-01-2014,16,0qAIiGFKLdV1xpNlEhjpq8,spotify:track:0qAIiGFKLdV1xpNlEhjpq8,0.00463,0.633,0.889,0.000458,0.0658,-5.87,0.0715,121.956,0.584,62,230466
117,I Know Places - Voice Memo,1989 (Deluxe),01-01-2014,17,4FoV729rw7IhoKlMZW5K5V,spotify:track:4FoV729rw7IhoKlMZW5K5V,0.829,0.592,0.128,0,0.527,-17.932,0.589,78.828,0.15,0,216333
118,I Wish You Would - Voice Memo,1989 (Deluxe),01-01-2014,18,4eTXfpHxhxVofrBUjAhPMg,spotify:track:4eTXfpHxhxVofrBUjAhPMg,0.717,0.781,0.357,0,0.185,-16.394,0.912,118.317,0.645,0,107133
119,Blank Space - Voice Memo,1989 (Deluxe),01-01-2014,19,4e6QU4gpfZj9xxcK856RgG,spotify:track:4e6QU4gpfZj9xxcK856RgG,0.801,0.675,0.234,0,0.657,-15.064,0.721,127.296,0.578,0,131186
120,...Ready For It?,reputation,10-11-2017,1,2yLa0QULdQr0qAIvVwN6B5,spotify:track:2yLa0QULdQr0qAIvVwN6B5,0.0527,0.613,0.764,0,0.197,-6.509,0.136,160.015,0.417,82,208186
121,End Game,reputation,10-11-2017,2,2x0WlnmfG39ZuDmstl9xfX,spotify:track:2x0WlnmfG39ZuDmstl9xfX,0.00845,0.649,0.589,0,0.108,-6.237,0.0558,159.073,0.151,74,244826
122,I Did Something Bad,reputation,10-11-2017,3,4svZDCRz4cJoneBpjpx8DJ,spotify:track:4svZDCRz4cJoneBpjpx8DJ,0.0679,0.696,0.602,2.11E-05,0.0696,-6.156,0.159,82.989,0.305,75,238253
123,Don't Blame Me,reputation,10-11-2017,4,1R0a2iXumgCiFb7HEZ7gUE,spotify:track:1R0a2iXumgCiFb7HEZ7gUE,0.106,0.615,0.534,1.76E-05,0.0607,-6.719,0.0386,135.917,0.193,85,236413
124,Delicate,reputation,10-11-2017,5,6NFyWDv5CjfwuzoCkw47Xf,spotify:track:6NFyWDv5CjfwuzoCkw47Xf,0.216,0.75,0.404,0.000357,0.0911,-10.178,0.0682,95.045,0.0499,81,232253
125,Look What You Made Me Do,reputation,10-11-2017,6,1P17dC1amhFzptugyAO7Il,spotify:track:1P17dC1amhFzptugyAO7Il,0.204,0.766,0.709,1.41E-05,0.126,-6.471,0.123,128.07,0.506,81,211853
126,So It Goes...,reputation,10-11-2017,13,41T04yafZVrjNq2FqvLtId,spotify:track:41T04yafZVrjNq2FqvLtId,0.122,0.578,0.61,1.10E-06,0.13,-7.283,0.0676,74.996,0.371,54,227906
127,Gorgeous,reputation,10-11-2017,8,1ZY1PqizIl78geGM4xWlEA,spotify:track:1ZY1PqizIl78geGM4xWlEA,0.0713,0.8,0.535,9.48E-06,0.213,-6.684,0.135,92.027,0.451,76,209680
128,Getaway Car,reputation,10-11-2017,9,0VE4kBnHJUgtMf0dy6DRmW,spotify:track:0VE4kBnHJUgtMf0dy6DRmW,0.00465,0.562,0.689,2.23E-06,0.0888,-6.745,0.127,172.054,0.351,79,233626
129,King Of My Heart,reputation,10-11-2017,10,7HuBDWi18s4aJM8UFnNheH,spotify:track:7HuBDWi18s4aJM8UFnNheH,0.00882,0.675,0.703,2.21E-06,0.0391,-7.902,0.0382,110.01,0.314,72,214320
130,Dancing With Our Hands Tied,reputation,10-11-2017,11,7I7JbDv63ZJJsSi24DyJrz,spotify:track:7I7JbDv63ZJJsSi24DyJrz,0.0604,0.624,0.691,1.10E-05,0.138,-6.686,0.196,160.024,0.284,72,211506
131,Dress,reputation,10-11-2017,12,6oVxXO5oQ4pTpO8RSnkzvv,spotify:track:6oVxXO5oQ4pTpO8RSnkzvv,0.0329,0.719,0.469,0,0.169,-8.792,0.0533,120.085,0.0851,75,230373
132,This Is Why We Can't Have Nice Things,reputation,10-11-2017,13,07NxDD1iKCHbAldceD7QLP,spotify:track:07NxDD1iKCHbAldceD7QLP,0.0156,0.567,0.789,0,0.382,-5.986,0.115,163.96,0.438,70,207133
133,Call It What You Want,reputation,10-11-2017,14,1GwMQaZz6Au3QLDbjbMdme,spotify:track:1GwMQaZz6Au3QLDbjbMdme,0.186,0.598,0.504,0.000221,0.34,-9.874,0.0731,163.954,0.252,75,203506
134,New Year's Day,reputation,10-11-2017,15,7F5oktn5YOsR9eR5YsFtqb,spotify:track:7F5oktn5YOsR9eR5YsFtqb,0.921,0.661,0.151,0,0.13,-12.864,0.0354,94.922,0.23,70,235466
135,I Forgot That You Existed,Lover,23-08-2019,1,43rA71bccXFGD4C8GOpIlN,spotify:track:43rA71bccXFGD4C8GOpIlN,0.298,0.664,0.316,2.03E-06,0.0812,-10.345,0.519,92.875,0.541,71,170640
136,Cruel Summer,Lover,23-08-2019,2,1BxfuPKGuaTgP7aM0Bbdwr,spotify:track:1BxfuPKGuaTgP7aM0Bbdwr,0.117,0.552,0.702,2.06E-05,0.105,-5.707,0.157,169.994,0.564,93,178426
137,Lover,Lover,23-08-2019,3,1dGr1c8CrMLDpV6mPbImSI,spotify:track:1dGr1c8CrMLDpV6mPbImSI,0.492,0.359,0.543,1.58E-05,0.118,-7.582,0.0919,68.534,0.453,86,221306
138,The Man,Lover,23-08-2019,4,3RauEVgRgj1IuWdJ9fDs70,spotify:track:3RauEVgRgj1IuWdJ9fDs70,0.0767,0.777,0.658,0,0.0901,-5.191,0.054,110.048,0.633,81,190360
139,The Archer,Lover,23-08-2019,5,3pHkh7d0lzM2AldUtz2x37,spotify:track:3pHkh7d0lzM2AldUtz2x37,0.12,0.292,0.574,0.00569,0.0663,-9.375,0.0401,124.344,0.166,75,211240
140,I Think He Knows,Lover,23-08-2019,6,2YWtcWi3a83pdEg3Gif4Pd,spotify:track:2YWtcWi3a83pdEg3Gif4Pd,0.00889,0.897,0.366,0.000353,0.0715,-8.029,0.0569,100.003,0.416,72,173386
141,Miss Americana & The Heartbreak Prince,Lover,23-08-2019,7,214nt20w5wOxJnY462klLw,spotify:track:214nt20w5wOxJnY462klLw,0.028,0.662,0.747,0.00615,0.138,-6.926,0.0736,150.088,0.487,79,234146
142,Paper Rings,Lover,23-08-2019,8,4y5bvROuBDPr5fuwXbIBZR,spotify:track:4y5bvROuBDPr5fuwXbIBZR,0.0129,0.811,0.719,1.36E-05,0.0742,-6.553,0.0497,103.979,0.865,78,222400
143,Cornelia Street,Lover,23-08-2019,9,12M5uqx0ZuwkpLp5rJim1a,spotify:track:12M5uqx0ZuwkpLp5rJim1a,0.781,0.824,0.624,0.000189,0.1,-9.728,0.0827,102.012,0.248,74,287266
144,Death By A Thousand Cuts,Lover,23-08-2019,10,2dgFqt3w9xIQRjhPtwNk3D,spotify:track:2dgFqt3w9xIQRjhPtwNk3D,0.454,0.712,0.732,0,0.319,-6.754,0.0629,94.071,0.313,72,198533
145,London Boy,Lover,23-08-2019,11,1LLXZFeAHK9R4xUramtUKw,spotify:track:1LLXZFeAHK9R4xUramtUKw,0.0246,0.695,0.71,0.000104,0.133,-6.639,0.05,157.925,0.557,74,190240
146,Soon You'll Get Better (feat. The Chicks),Lover,23-08-2019,12,4AYtqFyFbX0Xkc2wtcygTr,spotify:track:4AYtqFyFbX0Xkc2wtcygTr,0.907,0.433,0.182,0,0.123,-12.566,0.0641,207.476,0.421,66,201586
147,False God,Lover,23-08-2019,13,5hQSXkFgbxjZo9uCwd11so,spotify:track:5hQSXkFgbxjZo9uCwd11so,0.736,0.739,0.32,0.000147,0.111,-10.862,0.239,79.97,0.351,73,200306
148,You Need To Calm Down,Lover,23-08-2019,14,6RRNNciQGZEXnqk8SQ9yv5,spotify:track:6RRNNciQGZEXnqk8SQ9yv5,0.00929,0.771,0.671,0,0.0637,-5.617,0.0553,85.026,0.714,80,171360
149,Afterglow,Lover,23-08-2019,15,1SymEzIT3H8UZfibCs3TYi,spotify:track:1SymEzIT3H8UZfibCs3TYi,0.13,0.756,0.449,0,0.114,-8.746,0.0344,111.011,0.399,74,223293
150,ME! (feat. Brendon Urie of Panic! At The Disco),Lover,23-08-2019,16,2Rk4JlNc2TPmZe2af99d45,spotify:track:2Rk4JlNc2TPmZe2af99d45,0.033,0.61,0.83,0,0.118,-4.105,0.0571,182.162,0.728,75,193000
151,It's Nice To Have A Friend,Lover,23-08-2019,17,1SmiQ65iSAbPto6gPFlBYm,spotify:track:1SmiQ65iSAbPto6gPFlBYm,0.971,0.737,0.175,0.000337,0.171,-9.912,0.0401,70.008,0.545,66,150440
152,Daylight,Lover,23-08-2019,18,1fzAuUVbzlhZ1lJAx9PtY6,spotify:track:1fzAuUVbzlhZ1lJAx9PtY6,0.808,0.557,0.496,0.000173,0.0772,-9.602,0.0563,149.983,0.265,78,293453
153,the 1,folklore,24-07-2020,1,0Jlcvv8IykzHaSmj49uNW8,spotify:track:0Jlcvv8IykzHaSmj49uNW8,0.757,0.777,0.357,7.28E-06,0.108,-6.942,0.0522,139.884,0.172,74,210251
154,cardigan,folklore,24-07-2020,2,4R2kfaDFhslZEMJqAFNpdd,spotify:track:4R2kfaDFhslZEMJqAFNpdd,0.537,0.613,0.581,0.000345,0.25,-8.588,0.0424,130.033,0.551,84,239560
155,the last great american dynasty,folklore,24-07-2020,3,2Eeur20xVqfUoM3Q7EFPFt,spotify:track:2Eeur20xVqfUoM3Q7EFPFt,0.467,0.686,0.662,0.0023,0.109,-8.505,0.0413,147.922,0.706,70,230999
156,exile (feat. Bon Iver),folklore,24-07-2020,4,4pvb0WLRcMtbPGmtejJJ6y,spotify:track:4pvb0WLRcMtbPGmtejJJ6y,0.778,0.298,0.38,5.62E-05,0.11,-8.426,0.0287,75.602,0.152,77,285634
157,my tears ricochet,folklore,24-07-2020,5,1MgV7FIyNxIG7WzMRJV5HC,spotify:track:1MgV7FIyNxIG7WzMRJV5HC,0.806,0.469,0.263,0,0.0749,-10.63,0.0329,129.86,0.112,78,255893
158,mirrorball,folklore,24-07-2020,6,0ZNU020wNYvgW84iljPkPP,spotify:track:0ZNU020wNYvgW84iljPkPP,0.687,0.553,0.413,2.33E-06,0.0594,-10.037,0.0334,110.107,0.379,73,208977
159,seven,folklore,24-07-2020,7,6KJqZcs9XDgVck7Lg9QOTC,spotify:track:6KJqZcs9XDgVck7Lg9QOTC,0.9,0.596,0.488,2.70E-05,0.091,-10.769,0.0274,94.922,0.415,70,208906
160,august,folklore,24-07-2020,8,3hUxzQpSfdDqwM3ZTFQY0K,spotify:track:3hUxzQpSfdDqwM3ZTFQY0K,0.538,0.532,0.623,7.28E-05,0.0925,-9.208,0.0331,89.937,0.403,84,261922
161,this is me trying,folklore,24-07-2020,9,7kt9e9LFSpN1zQtYEl19o1,spotify:track:7kt9e9LFSpN1zQtYEl19o1,0.314,0.515,0.476,4.74E-05,0.171,-9.843,0.0328,135.886,0.412,73,195097
162,illicit affairs,folklore,24-07-2020,10,2NmsngXHeC1GQ9wWrzhOMf,spotify:track:2NmsngXHeC1GQ9wWrzhOMf,0.881,0.559,0.31,0,0.106,-10.445,0.0338,119.845,0.46,77,190898
163,invisible string,folklore,24-07-2020,11,6VsvKPJ4xjVNKpI8VVZ3SV,spotify:track:6VsvKPJ4xjVNKpI8VVZ3SV,0.838,0.653,0.452,7.73E-05,0.108,-11.143,0.055,83.433,0.45,73,252880
164,mad woman,folklore,24-07-2020,12,2QDyYdZyhlP2fp79KZX8Bi,spotify:track:2QDyYdZyhlP2fp79KZX8Bi,0.655,0.592,0.699,1.68E-05,0.114,-8.995,0.0471,141.916,0.506,65,237258
165,epiphany,folklore,24-07-2020,13,08fa9LFcFBTcilB3iq2e2A,spotify:track:08fa9LFcFBTcilB3iq2e2A,0.731,0.175,0.267,0.000402,0.0858,-13.69,0.0302,94.203,0.106,64,289749
166,betty,folklore,24-07-2020,14,5kI4eCXXzyuIUXjQra0Cxi,spotify:track:5kI4eCXXzyuIUXjQra0Cxi,0.6,0.593,0.377,0,0.0976,-8.761,0.0253,95.939,0.502,73,294521
167,peace,folklore,24-07-2020,15,7MbT4I8qGntX4fMdqMQgke,spotify:track:7MbT4I8qGntX4fMdqMQgke,0.918,0.647,0.272,1.73E-05,0.0918,-12.906,0.0916,150.044,0.339,65,234000
168,hoax,folklore,24-07-2020,16,6MWoRt97mnSTXZhu3ggi9C,spotify:track:6MWoRt97mnSTXZhu3ggi9C,0.966,0.662,0.181,3.86E-06,0.133,-15.065,0.0415,118.819,0.429,65,220042
169,the lakes - bonus track,folklore (deluxe version),18-08-2020,17,0eFQWVz0qIxDOvhLpZ40P7,spotify:track:0eFQWVz0qIxDOvhLpZ40P7,0.842,0.313,0.258,1.30E-06,0.0948,-11.532,0.0383,179.947,0.268,67,211813
170,the 1 - the long pond studio sessions,folklore: the long pond studio sessions (from the Disney+ special) [deluxe edition],25-11-2020,1,08J4bMHbILkwSIhbtrcvjN,spotify:track:08J4bMHbILkwSIhbtrcvjN,0.898,0.708,0.25,0.026,0.102,-10.731,0.0361,139.803,0.156,54,219893
171,cardigan - the long pond studio sessions,folklore: the long pond studio sessions (from the Disney+ special) [deluxe edition],25-11-2020,2,3EPgWM1zfTSzEc0z4AwWTM,spotify:track:3EPgWM1zfTSzEc0z4AwWTM,0.88,0.395,0.234,0,0.107,-9.704,0.0382,86.478,0.247,54,230680
172,the last great american dynasty - the long pond studio sessions,folklore: the long pond studio sessions (from the Disney+ special) [deluxe edition],25-11-2020,3,28tIMaewZuGR8urkvFhQyA,spotify:track:28tIMaewZuGR8urkvFhQyA,0.743,0.64,0.618,0.004,0.0574,-11.715,0.0379,147.948,0.614,51,232346
173,exile (feat. Bon Iver) - the long pond studio sessions,folklore: the long pond studio sessions (from the Disney+ special) [deluxe edition],25-11-2020,4,7N015NTIWGjQDddHUdHPoO,spotify:track:7N015NTIWGjQDddHUdHPoO,0.848,0.359,0.305,6.74E-05,0.111,-10.295,0.0306,151.956,0.108,53,279893
174,my tears ricochet - the long pond studio sessions,folklore: the long pond studio sessions (from the Disney+ special) [deluxe edition],25-11-2020,5,5mdNyCS7ttVcAyVYOIFEjs,spotify:track:5mdNyCS7ttVcAyVYOIFEjs,0.946,0.531,0.172,1.01E-05,0.0615,-12.34,0.0351,129.007,0.168,55,295173
175,mirrorball - the long pond studio sessions,folklore: the long pond studio sessions (from the Disney+ special) [deluxe edition],25-11-2020,6,2yceD2hx5HhOLgkm1CITCi,spotify:track:2yceD2hx5HhOLgkm1CITCi,0.78,0.509,0.386,3.45E-05,0.118,-8.434,0.0272,109.993,0.109,53,237373
176,seven - the long pond studio sessions,folklore: the long pond studio sessions (from the Disney+ special) [deluxe edition],25-11-2020,7,4cOWq0cVsKjxaQpRMbDoH1,spotify:track:4cOWq0cVsKjxaQpRMbDoH1,0.914,0.694,0.449,0.000126,0.1,-11.49,0.0301,94.963,0.363,51,208986
177,august - the long pond studio sessions,folklore: the long pond studio sessions (from the Disney+ special) [deluxe edition],25-11-2020,8,4MGexoZc12lqE0hYkq9YYx,spotify:track:4MGexoZc12lqE0hYkq9YYx,0.5,0.554,0.663,4.77E-05,0.791,-8.961,0.0324,89.977,0.545,54,260000
178,this is me trying - the long pond studio sessions,folklore: the long pond studio sessions (from the Disney+ special) [deluxe edition],25-11-2020,9,1gaLZjPrDnHQWJds2Jg4KT,spotify:track:1gaLZjPrDnHQWJds2Jg4KT,0.928,0.435,0.332,0.000898,0.0867,-11.611,0.031,68.097,0.157,54,209293
179,illicit affairs - the long pond studio sessions,folklore: the long pond studio sessions (from the Disney+ special) [deluxe edition],25-11-2020,10,560uQyz3p5G9WdnMX39xc6,spotify:track:560uQyz3p5G9WdnMX39xc6,0.883,0.489,0.235,0,0.113,-10.274,0.0356,117.699,0.435,53,183720
180,invisible string - the long pond studio sessions,folklore: the long pond studio sessions (from the Disney+ special) [deluxe edition],25-11-2020,11,5KByGq0JijSSDcy0qzuINs,spotify:track:5KByGq0JijSSDcy0qzuINs,0.942,0.59,0.282,4.85E-06,0.11,-10.542,0.0281,83.438,0.351,51,257359
181,mad woman - the long pond studio sessions,folklore: the long pond studio sessions (from the Disney+ special) [deluxe edition],25-11-2020,12,04xrhDrQ2WOW8GLwu7kbc0,spotify:track:04xrhDrQ2WOW8GLwu7kbc0,0.887,0.663,0.465,0.000168,0.109,-10.463,0.0408,141.834,0.346,50,238333
182,epiphany - the long pond studio sessions,folklore: the long pond studio sessions (from the Disney+ special) [deluxe edition],25-11-2020,13,4yyKppX85ZkmlGOC2toBZA,spotify:track:4yyKppX85ZkmlGOC2toBZA,0.916,0.524,0.2,0.000392,0.068,-13.004,0.0274,93.87,0.113,49,274880
183,betty - the long pond studio sessions,folklore: the long pond studio sessions (from the Disney+ special) [deluxe edition],25-11-2020,14,1mh5dObNoOvCfHmXnhvDEK,spotify:track:1mh5dObNoOvCfHmXnhvDEK,0.841,0.538,0.316,0,0.119,-9.5,0.0299,95.68,0.518,51,290040
184,peace - the long pond studio sessions,folklore: the long pond studio sessions (from the Disney+ special) [deluxe edition],25-11-2020,15,4YHHz3VIXgNDGdoL9xC1tx,spotify:track:4YHHz3VIXgNDGdoL9xC1tx,0.93,0.619,0.344,7.61E-05,0.0734,-11.472,0.0647,149.897,0.513,50,214373
185,hoax - the long pond studio sessions,folklore: the long pond studio sessions (from the Disney+ special) [deluxe edition],25-11-2020,16,0QTBsdoJhamY3Aid3fOsOd,spotify:track:0QTBsdoJhamY3Aid3fOsOd,0.962,0.682,0.155,0,0.18,-13.083,0.0394,118.832,0.483,51,221800
186,the lakes - the long pond studio sessions,folklore: the long pond studio sessions (from the Disney+ special) [deluxe edition],25-11-2020,17,6mqyTq948oap5AkyTsd6XF,spotify:track:6mqyTq948oap5AkyTsd6XF,0.794,0.606,0.221,0,0.0888,-11.767,0.0468,89.844,0.112,53,199733
187,willow,evermore,11-12-2020,1,0lx2cLdOt3piJbcaXIV74f,spotify:track:0lx2cLdOt3piJbcaXIV74f,0.833,0.392,0.574,0.00179,0.145,-9.195,0.17,81.112,0.529,77,214706
188,champagne problems,evermore,11-12-2020,2,0sY6ZUTh4yoctD8VIXz339,spotify:track:0sY6ZUTh4yoctD8VIXz339,0.92,0.462,0.24,0,0.113,-12.077,0.0377,171.319,0.32,77,244000
189,gold rush,evermore,11-12-2020,3,5BK0uqwY9DNfZ630STAEaq,spotify:track:5BK0uqwY9DNfZ630STAEaq,0.83,0.512,0.462,0.166,0.121,-10.491,0.0408,112.05,0.353,67,185320
190,â€˜tis the damn season,evermore,11-12-2020,4,7dW84mWkdWE5a6lFWxJCBG,spotify:track:7dW84mWkdWE5a6lFWxJCBG,0.735,0.575,0.434,6.59E-05,0.105,-8.193,0.0312,145.916,0.348,65,229840
191,tolerate it,evermore,11-12-2020,5,0PurA4JVJ8YQgSVopY8fn6,spotify:track:0PurA4JVJ8YQgSVopY8fn6,0.878,0.316,0.361,2.67E-05,0.0797,-10.381,0.0488,74.952,0.221,72,245440
192,"no body, no crime (feat. HAIM)",evermore,11-12-2020,6,3RaT22zZsxVYxxKR7TAaYF,spotify:track:3RaT22zZsxVYxxKR7TAaYF,0.418,0.546,0.613,0,0.103,-7.589,0.0264,79.015,0.535,66,215626
193,happiness,evermore,11-12-2020,7,73YUReisjb3A9ActdLLjJQ,spotify:track:73YUReisjb3A9ActdLLjJQ,0.87,0.559,0.334,0,0.114,-10.733,0.0376,122.079,0.211,64,315146
194,dorothea,evermore,11-12-2020,8,670fUmXf4KQekzbEgaXyPA,spotify:track:670fUmXf4KQekzbEgaXyPA,0.696,0.605,0.488,0,0.129,-8.322,0.0264,119.966,0.354,62,225880
195,coney island (feat. The National),evermore,11-12-2020,9,3k7ne7VmH43ZPWxPdvPUgR,spotify:track:3k7ne7VmH43ZPWxPdvPUgR,0.819,0.537,0.537,0.000904,0.142,-11.266,0.0617,107.895,0.292,61,275320
196,ivy,evermore,11-12-2020,10,19CSr8rwW05VJL2F91KFNK,spotify:track:19CSr8rwW05VJL2F91KFNK,0.855,0.515,0.545,1.97E-05,0.0921,-9.277,0.0353,88.856,0.535,66,260440
197,cowboy like me,evermore,11-12-2020,11,1XjHRolIXL2M1EEOUsGGR4,spotify:track:1XjHRolIXL2M1EEOUsGGR4,0.768,0.604,0.517,0.000155,0.123,-9.014,0.0347,127.967,0.511,65,275040
198,long story short,evermore,11-12-2020,12,2o2sgVJIgFXk8GQjWTgI6U,spotify:track:2o2sgVJIgFXk8GQjWTgI6U,0.66,0.546,0.73,0.179,0.0972,-7.704,0.0417,157.895,0.573,62,215920
199,marjorie,evermore,11-12-2020,13,12ntTeqEeTg7GAVpe8Mhpl,spotify:track:12ntTeqEeTg7GAVpe8Mhpl,0.876,0.535,0.561,0.000136,0.115,-11.609,0.0484,96.103,0.287,70,257773
200,closure,evermore,11-12-2020,14,35rdVq36LMHQX0Suw9a6tK,spotify:track:35rdVq36LMHQX0Suw9a6tK,0.835,0.689,0.704,4.83E-06,0.134,-10.813,0.245,151.884,0.92,59,180653
201,evermore (feat. Bon Iver),evermore,11-12-2020,15,3O5osWf1rSoKMwe6E9ZaXP,spotify:track:3O5osWf1rSoKMwe6E9ZaXP,0.937,0.39,0.27,0.00227,0.111,-10.673,0.0308,125.177,0.32,63,304106
202,right where you left me - bonus track,evermore (deluxe version),07-01-2021,16,3zwMVvkBe2qIKDObWgXw4N,spotify:track:3zwMVvkBe2qIKDObWgXw4N,0.769,0.581,0.619,0.000106,0.117,-6.524,0.0282,137.915,0.645,74,245026
203,it's time to go - bonus track,evermore (deluxe version),07-01-2021,17,1kdWw77ZpYOkhxeuhzU1j6,spotify:track:1kdWw77ZpYOkhxeuhzU1j6,0.801,0.592,0.41,1.39E-05,0.09,-12.426,0.0397,151.923,0.416,66,254640
204,Fearless (Taylor's Version),Fearless (Taylor's Version),09-04-2021,1,77sMIMlNaSURUAXq5coCxE,spotify:track:77sMIMlNaSURUAXq5coCxE,0.0122,0.569,0.741,0,0.333,-4.963,0.0282,100.118,0.43,78,241591
205,Fifteen (Taylor's Version),Fearless (Taylor's Version),09-04-2021,2,2nqio0SfWg6gh2eCtfuMa5,spotify:track:2nqio0SfWg6gh2eCtfuMa5,0.116,0.559,0.646,0,0.32,-4.61,0.0272,95.466,0.289,66,294419
206,Love Story (Taylor's Version),Fearless (Taylor's Version),09-04-2021,3,6YvqWjhGD8mB5QXcbcUKtx,spotify:track:6YvqWjhGD8mB5QXcbcUKtx,0.13,0.627,0.792,3.97E-06,0.0845,-4.311,0.031,119.054,0.415,78,235766
207,Hey Stephen (Taylor's Version),Fearless (Taylor's Version),09-04-2021,4,550erGcdD9n6PnwxrvYqZT,spotify:track:550erGcdD9n6PnwxrvYqZT,0.106,0.788,0.571,0,0.0934,-6.135,0.0296,115.99,0.797,65,254254
208,White Horse (Taylor's Version),Fearless (Taylor's Version),09-04-2021,5,5YL553x8sHderRBDlm3NM3,spotify:track:5YL553x8sHderRBDlm3NM3,0.369,0.423,0.517,0,0.177,-7.377,0.0486,185.262,0.366,67,234515
209,You Belong With Me (Taylor's Version),Fearless (Taylor's Version),09-04-2021,6,1qrpoAMXodY6895hGKoUpA,spotify:track:1qrpoAMXodY6895hGKoUpA,0.0623,0.632,0.773,0,0.0885,-4.856,0.0346,130.033,0.474,81,231124
210,Breathe (feat. Colbie Caillat) (Taylor's Version),Fearless (Taylor's Version),09-04-2021,7,7HC7R2D8WjXVcUHJyEGjRs,spotify:track:7HC7R2D8WjXVcUHJyEGjRs,0.156,0.506,0.626,0,0.228,-6.066,0.0287,148.035,0.321,63,263377
211,Tell Me Why (Taylor's Version),Fearless (Taylor's Version),09-04-2021,8,0k0vFacOHNuArLWMiH60p7,spotify:track:0k0vFacOHNuArLWMiH60p7,0.0222,0.578,0.909,0,0.333,-3.669,0.0628,100.023,0.541,62,200575
212,You're Not Sorry (Taylor's Version),Fearless (Taylor's Version),09-04-2021,9,6iiAfo4wTA2CVC3Uwx9uh8,spotify:track:6iiAfo4wTA2CVC3Uwx9uh8,0.0538,0.506,0.444,0,0.123,-4.99,0.0285,133.873,0.241,64,261842
213,The Way I Loved You (Taylor's Version),Fearless (Taylor's Version),09-04-2021,10,22bPsP2jCgbLUvh82U0Z3M,spotify:track:22bPsP2jCgbLUvh82U0Z3M,0.0033,0.402,0.732,0,0.108,-4.665,0.0484,161.032,0.472,76,243136
214,Forever & Always (Taylor's Version),Fearless (Taylor's Version),09-04-2021,11,1msEuwSBneBKpVCZQcFTsU,spotify:track:1msEuwSBneBKpVCZQcFTsU,0.0231,0.598,0.821,0,0.143,-4.433,0.0447,128.03,0.673,67,225328
215,The Best Day (Taylor's Version),Fearless (Taylor's Version),09-04-2021,12,6ON9UuIq49xXY9GPmHIYRp,spotify:track:6ON9UuIq49xXY9GPmHIYRp,0.488,0.642,0.576,0,0.159,-8.524,0.0282,125,0.469,61,245290
216,Change (Taylor's Version),Fearless (Taylor's Version),09-04-2021,13,3ExweHKZF9B752DPQByRVT,spotify:track:3ExweHKZF9B752DPQByRVT,0.000191,0.499,0.815,0,0.181,-4.063,0.0341,95.999,0.344,60,279359
217,Jump Then Fall (Taylor's Version),Fearless (Taylor's Version),09-04-2021,14,2m3ObD945KvpE5y9A1eUWm,spotify:track:2m3ObD945KvpE5y9A1eUWm,0.0474,0.572,0.69,0,0.0897,-6.201,0.0358,160.111,0.624,62,237580
218,Untouchable (Taylor's Version),Fearless (Taylor's Version),09-04-2021,15,0tQ9vBYpldCuikPsbgOVKA,spotify:track:0tQ9vBYpldCuikPsbgOVKA,0.0181,0.393,0.531,0,0.169,-6.112,0.0329,200.391,0.224,63,312107
219,Forever & Always (Piano Version) (Taylor's Version),Fearless (Taylor's Version),09-04-2021,16,01QdEx6kFr78ZejhQtWR5m,spotify:track:01QdEx6kFr78ZejhQtWR5m,0.819,0.546,0.273,0,0.137,-9.208,0.0308,118.753,0.271,61,267833
220,Come In With The Rain (Taylor's Version),Fearless (Taylor's Version),09-04-2021,17,1n2wszmJyVkw6FHqyLnQsY,spotify:track:1n2wszmJyVkw6FHqyLnQsY,0.0406,0.476,0.564,0,0.102,-5.677,0.0269,143.929,0.167,59,237338
221,Superstar (Taylor's Version),Fearless (Taylor's Version),09-04-2021,18,51A8eKvvZz9uydvIZ7xRSV,spotify:track:51A8eKvvZz9uydvIZ7xRSV,0.157,0.454,0.555,0,0.343,-6.69,0.0283,171.862,0.171,59,263865
222,The Other Side Of The Door (Taylor's Version),Fearless (Taylor's Version),09-04-2021,19,1cSFlSBdpT4F5vb1frQ231,spotify:track:1cSFlSBdpT4F5vb1frQ231,0.0279,0.432,0.873,0,0.167,-4.367,0.0577,163.936,0.629,64,238443
223,Today Was A Fairytale (Taylor's Version),Fearless (Taylor's Version),09-04-2021,20,2JoJrsEV15OzbijS47lids,spotify:track:2JoJrsEV15OzbijS47lids,0.0135,0.482,0.779,0,0.296,-5.025,0.0409,158.162,0.328,62,241822
224,You All Over Me (feat. Maren Morris) (Taylor's Version) (From The Vault),Fearless (Taylor's Version),09-04-2021,21,4CHpVfAhuxNJ3ibExe6kxO,spotify:track:4CHpVfAhuxNJ3ibExe6kxO,0.816,0.599,0.494,0,0.101,-7.61,0.0372,142.893,0.44,59,220839
225,Mr. Perfectly Fine (Taylor's Version) (From The Vault),Fearless (Taylor's Version),09-04-2021,22,2CYVETnhM9aytqrazYYwrK,spotify:track:2CYVETnhM9aytqrazYYwrK,0.162,0.66,0.817,0,0.0667,-6.269,0.0521,135.942,0.714,70,277591
226,We Were Happy (Taylor's Version) (From The Vault),Fearless (Taylor's Version),09-04-2021,23,34V9RiEPe8MNdU32qJsJa1,spotify:track:34V9RiEPe8MNdU32qJsJa1,0.849,0.609,0.373,0,0.0779,-8.819,0.0263,106.007,0.13,62,244236
227,That's When (feat. Keith Urban) (Taylor's Version) (From The Vault),Fearless (Taylor's Version),09-04-2021,24,7eResoqEJJAVTkQYSqvO3P,spotify:track:7eResoqEJJAVTkQYSqvO3P,0.225,0.588,0.608,0,0.092,-7.062,0.0365,90.201,0.508,64,189495
228,Don't You (Taylor's Version) (From The Vault),Fearless (Taylor's Version),09-04-2021,25,4uuEGH5SVuzkkSFjo2DEiY,spotify:track:4uuEGH5SVuzkkSFjo2DEiY,0.514,0.563,0.473,1.20E-05,0.109,-11.548,0.0503,101.934,0.405,63,208608
229,Bye Bye Baby (Taylor's Version) (From The Vault),Fearless (Taylor's Version),09-04-2021,26,4qUijfYU8EoIWiY6oSyrgT,spotify:track:4qUijfYU8EoIWiY6oSyrgT,0.334,0.624,0.624,0,0.0995,-7.86,0.0539,80.132,0.527,61,242157
230,State Of Grace (Taylor's Version),Red (Taylor's Version),12-11-2021,1,6lzc0Al0zfZOIFsFvBS1ki,spotify:track:6lzc0Al0zfZOIFsFvBS1ki,0.000328,0.594,0.713,0,0.114,-5.314,0.0503,129.958,0.328,65,295413
231,Red (Taylor's Version),Red (Taylor's Version),12-11-2021,2,4OAuvHryIVv4kMDNSLuPt6,spotify:track:4OAuvHryIVv4kMDNSLuPt6,0.00108,0.516,0.777,1.62E-06,0.0761,-4.908,0.0375,125.047,0.408,73,223093
232,Treacherous (Taylor's Version),Red (Taylor's Version),12-11-2021,3,3S7HNKPakdwNEBFIVTL6dZ,spotify:track:3S7HNKPakdwNEBFIVTL6dZ,0.0344,0.645,0.593,0.000127,0.13,-6.506,0.0288,109.984,0.299,65,242720
233,I Knew You Were Trouble (Taylor's Version),Red (Taylor's Version),12-11-2021,4,6AtZLIzUINvExIUy4QhdjP,spotify:track:6AtZLIzUINvExIUy4QhdjP,0.0129,0.584,0.557,0,0.0576,-6.371,0.0342,154.008,0.767,76,219760
234,All Too Well (Taylor's Version),Red (Taylor's Version),12-11-2021,5,3nsfB1vus2qaloUdcBZvDu,spotify:track:3nsfB1vus2qaloUdcBZvDu,0.0171,0.44,0.528,0.00203,0.234,-7.809,0.0317,185.972,0.132,71,329160
235,22 (Taylor's Version),Red (Taylor's Version),12-11-2021,6,3yII7UwgLF6K5zW3xad3MP,spotify:track:3yII7UwgLF6K5zW3xad3MP,0.000443,0.642,0.695,1.02E-05,0.0753,-5.62,0.0281,103.984,0.642,76,230960
236,I Almost Do (Taylor's Version),Red (Taylor's Version),12-11-2021,7,2r9CbjYgFhtAmcFv1cSquB,spotify:track:2r9CbjYgFhtAmcFv1cSquB,0.0167,0.511,0.559,0,0.113,-6.587,0.0264,145.88,0.248,64,244586
237,We Are Never Ever Getting Back Together (Taylor's Version),Red (Taylor's Version),12-11-2021,8,5YqltLsjdqFtvqE7Nrysvs,spotify:track:5YqltLsjdqFtvqE7Nrysvs,0.0317,0.567,0.686,1.86E-06,0.0732,-6.139,0.175,172.014,0.716,76,193146
238,Stay Stay Stay (Taylor's Version),Red (Taylor's Version),12-11-2021,9,7eQj6r5PIdYKEIZjucBMcq,spotify:track:7eQj6r5PIdYKEIZjucBMcq,0.0848,0.693,0.681,0,0.0768,-7.039,0.025,100.02,0.663,64,205786
239,The Last Time (feat. Gary Lightbody of Snow Patrol) (Taylor's Version),Red (Taylor's Version),12-11-2021,10,0y6kdSRCVQhSsHSpWvTUm7,spotify:track:0y6kdSRCVQhSsHSpWvTUm7,0.0399,0.502,0.534,0,0.0977,-5.954,0.0278,94.05,0.155,67,299080
240,Holy Ground (Taylor's Version),Red (Taylor's Version),12-11-2021,11,7J4b3LVCIGO4CMBDFLPoP6,spotify:track:7J4b3LVCIGO4CMBDFLPoP6,0.0288,0.622,0.809,0.00218,0.109,-5.623,0.0638,156.894,0.511,64,202960
241,Sad Beautiful Tragic (Taylor's Version),Red (Taylor's Version),12-11-2021,12,73qMN9bXy7MSPwwGfH3wQr,spotify:track:73qMN9bXy7MSPwwGfH3wQr,0.622,0.601,0.406,9.19E-05,0.133,-11.827,0.0275,130.059,0.232,65,284773
242,The Lucky One (Taylor's Version),Red (Taylor's Version),12-11-2021,13,4e5ayHsOLJNLTGfjau2mEw,spotify:track:4e5ayHsOLJNLTGfjau2mEw,0.066,0.686,0.571,0,0.0608,-7.138,0.05,117.889,0.538,63,240466
243,Everything Has Changed (feat. Ed Sheeran) (Taylor's Version),Red (Taylor's Version),12-11-2021,14,7qEUFOVcxRI19tbT68JcYK,spotify:track:7qEUFOVcxRI19tbT68JcYK,0.271,0.498,0.61,0,0.223,-5.098,0.0363,79.918,0.474,70,245426
244,Starlight (Taylor's Version),Red (Taylor's Version),12-11-2021,15,7A2cNLRT0YJc1yjxHlKihs,spotify:track:7A2cNLRT0YJc1yjxHlKihs,0.00324,0.628,0.685,0,0.18,-5.864,0.0358,126.014,0.605,63,220413
245,Begin Again (Taylor's Version),Red (Taylor's Version),12-11-2021,16,05GsNucq8Bngd9fnd4fRa0,spotify:track:05GsNucq8Bngd9fnd4fRa0,0.075,0.519,0.527,0,0.132,-7.673,0.0274,78.915,0.267,66,238866
246,The Moment I Knew (Taylor's Version),Red (Taylor's Version),12-11-2021,17,0NRHj8hDwwmSPaA41o379r,spotify:track:0NRHj8hDwwmSPaA41o379r,0.0494,0.636,0.402,0,0.107,-7.855,0.031,125.952,0.208,63,285280
247,Come Back...Be Here (Taylor's Version),Red (Taylor's Version),12-11-2021,18,4pNApnaUWAL2J4KO2eqokq,spotify:track:4pNApnaUWAL2J4KO2eqokq,0.0158,0.46,0.632,0,0.0822,-6.031,0.0302,79.846,0.399,66,223333
248,Girl At Home (Taylor's Version),Red (Taylor's Version),12-11-2021,19,0DMVrlMUn01M0IcpDbwgu7,spotify:track:0DMVrlMUn01M0IcpDbwgu7,0.00955,0.691,0.736,1.88E-05,0.101,-6.974,0.0326,125.089,0.612,61,220520
249,State Of Grace (Acoustic Version) (Taylor's Version),Red (Taylor's Version),12-11-2021,20,5jAIouBES8LWMiriuNq170,spotify:track:5jAIouBES8LWMiriuNq170,0.663,0.445,0.131,1.57E-06,0.108,-13.778,0.0564,208.918,0.101,61,321640
250,Ronan (Taylor's Version),Red (Taylor's Version),12-11-2021,21,7nWui6jiMM2m9qFmET1Mtj,spotify:track:7nWui6jiMM2m9qFmET1Mtj,0.661,0.623,0.279,0,0.193,-10.802,0.031,116.04,0.38,58,264253
251,Better Man (Taylor's Version) (From The Vault),Red (Taylor's Version),12-11-2021,22,4OmFmE0fzcMG6g0Y8p4eSD,spotify:track:4OmFmE0fzcMG6g0Y8p4eSD,0.214,0.473,0.579,0,0.0877,-5.824,0.0384,73.942,0.255,67,297013
252,Nothing New (feat. Phoebe Bridgers) (Taylor's Version) (From The Vault),Red (Taylor's Version),12-11-2021,23,01K4zKU104LyJ8gMb7227B,spotify:track:01K4zKU104LyJ8gMb7227B,0.817,0.606,0.377,0,0.154,-9.455,0.0275,101.96,0.446,70,258812
253,Babe (Taylor's Version) (From The Vault),Red (Taylor's Version),12-11-2021,24,0v4z1tuZvn6LGknom9Qx7d,spotify:track:0v4z1tuZvn6LGknom9Qx7d,0.0538,0.584,0.743,2.83E-06,0.121,-7.075,0.0931,167.844,0.746,67,224240
254,Message In A Bottle (Taylor's Version) (From The Vault),Red (Taylor's Version),12-11-2021,25,3z6XUommYDWPHeFhmhhT6j,spotify:track:3z6XUommYDWPHeFhmhhT6j,0.00188,0.622,0.791,3.72E-06,0.083,-6.106,0.0535,115.915,0.494,70,225960
255,I Bet You Think About Me (feat. Chris Stapleton) (Taylor's Version) (From The Vault),Red (Taylor's Version),12-11-2021,26,4CkgMiMqZ5JzW9iYXSTMTL,spotify:track:4CkgMiMqZ5JzW9iYXSTMTL,0.167,0.391,0.715,0,0.183,-4.516,0.0495,149.654,0.473,70,285106
256,Forever Winter (Taylor's Version) (From The Vault),Red (Taylor's Version),12-11-2021,27,3oGVx9RBmiYGv5ZCecWLkx,spotify:track:3oGVx9RBmiYGv5ZCecWLkx,0.256,0.611,0.552,0,0.134,-5.828,0.031,116.012,0.41,63,263533
257,Run (feat. Ed Sheeran) (Taylor's Version) (From The Vault),Red (Taylor's Version),12-11-2021,28,4IQkfUsrwXol38VV3U7t7T,spotify:track:4IQkfUsrwXol38VV3U7t7T,0.817,0.61,0.488,0,0.312,-6.918,0.0293,125.039,0.443,64,240226
258,The Very First Night (Taylor's Version) (From The Vault),Red (Taylor's Version),12-11-2021,29,6pYNq0ZwpPVazKzsqpf0G8,spotify:track:6pYNq0ZwpPVazKzsqpf0G8,0.00115,0.678,0.733,0,0.104,-5.025,0.0281,121.009,0.581,69,200280
259,All Too Well (10 Minute Version) (Taylor's Version) (From The Vault),Red (Taylor's Version),12-11-2021,30,5enxwA8aAbwZbf5qCHORXi,spotify:track:5enxwA8aAbwZbf5qCHORXi,0.274,0.631,0.518,0,0.088,-8.771,0.0303,93.023,0.205,80,613026
260,Lavender Haze,Midnights,21-10-2022,1,5jQI2r1RdgtuT8S3iG8zFC,spotify:track:5jQI2r1RdgtuT8S3iG8zFC,0.23,0.735,0.449,0.00126,0.132,-10.56,0.0883,97.05,0.0955,77,202395
261,Maroon,Midnights,21-10-2022,2,3eX0NZfLtGzoLUxPNvRfqm,spotify:track:3eX0NZfLtGzoLUxPNvRfqm,0.0634,0.655,0.384,1.45E-06,0.0973,-8.29,0.0349,108.058,0.0384,72,218270
262,Anti-Hero,Midnights,21-10-2022,3,0V3wPSX9ygBnCm8psDIegu,spotify:track:0V3wPSX9ygBnCm8psDIegu,0.121,0.633,0.648,2.62E-06,0.161,-6.645,0.062,96.888,0.49,85,200690
263,Snow On The Beach (feat. Lana Del Rey),Midnights,21-10-2022,4,1wtOxkiel43cVs0Yux5Q4h,spotify:track:1wtOxkiel43cVs0Yux5Q4h,0.701,0.663,0.321,0.000598,0.107,-13.527,0.0409,110.021,0.153,69,256124
264,"You're On Your Own, Kid",Midnights,21-10-2022,5,4D7BCuvgdJlYvlX5WlN54t,spotify:track:4D7BCuvgdJlYvlX5WlN54t,0.447,0.696,0.39,1.55E-05,0.125,-10.331,0.0616,120.032,0.395,77,194206
265,Midnight Rain,Midnights,21-10-2022,6,3rWDp9tBPQR9z6U5YyRSK4,spotify:track:3rWDp9tBPQR9z6U5YyRSK4,0.71,0.604,0.375,5.87E-05,0.116,-11.637,0.0633,137.651,0.203,76,174782
266,Question...?,Midnights,21-10-2022,7,0heeNYlwOGuUSe7TgUD27B,spotify:track:0heeNYlwOGuUSe7TgUD27B,0.206,0.654,0.51,0,0.249,-8.767,0.242,108.874,0.105,66,210556
267,Vigilante Shit,Midnights,21-10-2022,8,1xwAWUI6Dj0WGC3KiUPN0O,spotify:track:1xwAWUI6Dj0WGC3KiUPN0O,0.166,0.872,0.267,2.18E-05,0.123,-10.764,0.387,79.964,0.168,74,164801
268,Bejeweled,Midnights,21-10-2022,9,3qoftcUZaUOncvIYjFSPdE,spotify:track:3qoftcUZaUOncvIYjFSPdE,0.0593,0.687,0.551,0.000143,0.09,-9.202,0.0787,163.994,0.443,77,194165
269,Labyrinth,Midnights,21-10-2022,10,0A1JLUlkZkp2EFrosoNQi0,spotify:track:0A1JLUlkZkp2EFrosoNQi0,0.797,0.48,0.295,0.333,0.12,-15.512,0.0384,110.018,0.132,70,247962
270,Karma,Midnights,21-10-2022,11,7KokYm8cMIXCsGVmUvKtqf,spotify:track:7KokYm8cMIXCsGVmUvKtqf,0.062,0.64,0.619,0,0.475,-7.108,0.065,90.008,0.121,80,204852
271,Sweet Nothing,Midnights,21-10-2022,12,0wavGRldH0AWyu2zvTz8zb,spotify:track:0wavGRldH0AWyu2zvTz8zb,0.968,0.336,0.161,0.00011,0.115,-14.973,0.0456,176.48,0.407,69,188496
272,Mastermind,Midnights,21-10-2022,13,7FmYn9e7KHMXcxqGSj9LjH,spotify:track:7FmYn9e7KHMXcxqGSj9LjH,0.565,0.66,0.343,0.00134,0.0922,-14.132,0.14,125.96,0.137,72,191039
273,The Great War,Midnights (3am Edition),22-10-2022,14,3UMrglJeju5yWyYIW6o99b,spotify:track:3UMrglJeju5yWyYIW6o99b,0.199,0.57,0.747,2.32E-05,0.0854,-8.93,0.0342,96.016,0.574,69,240355
274,Bigger Than The Whole Sky,Midnights (3am Edition),22-10-2022,15,0BiqmkasE5FdrChwKfVp8X,spotify:track:0BiqmkasE5FdrChwKfVp8X,0.841,0.42,0.22,0.00131,0.114,-12.584,0.0472,165.564,0.0705,66,218502
275,Paris,Midnights (3am Edition),22-10-2022,16,7712gjoih4QoDbXpljEk21,spotify:track:7712gjoih4QoDbXpljEk21,0.103,0.703,0.518,2.89E-05,0.148,-10.501,0.085,110.94,0.347,66,196258
276,High Infidelity,Midnights (3am Edition),22-10-2022,17,5kiZGSxgqPdv6rbqL9THdd,spotify:track:5kiZGSxgqPdv6rbqL9THdd,0.704,0.571,0.547,0,0.0877,-10.141,0.101,175.933,0.768,64,231475
277,Glitch,Midnights (3am Edition),22-10-2022,18,6wAFvJPpTZVirBKGZ4EnMW,spotify:track:6wAFvJPpTZVirBKGZ4EnMW,0.314,0.677,0.47,0,0.11,-9.65,0.259,140.881,0.347,63,148781
278,"Would've, Could've, Should've",Midnights (3am Edition),22-10-2022,19,0aV5uARAknQgYhBaK944FP,spotify:track:0aV5uARAknQgYhBaK944FP,0.393,0.485,0.846,0.00115,0.124,-6.557,0.117,157.918,0.548,68,260361
279,Dear Reader,Midnights (3am Edition),22-10-2022,20,3QF5RsWzK1lCvf2o2cY65P,spotify:track:3QF5RsWzK1lCvf2o2cY65P,0.464,0.674,0.39,0.00122,0.116,-11.944,0.0483,107.891,0.151,64,225194
280,Hits Different,Midnights (The Til Dawn Edition),26-05-2023,21,3xYJScVfxByb61dYHTwiby,spotify:track:3xYJScVfxByb61dYHTwiby,0.134,0.666,0.786,3.34E-06,0.265,-6.556,0.0439,106.02,0.261,72,234466
281,Snow On The Beach (feat. More Lana Del Rey),Midnights (The Til Dawn Edition),26-05-2023,22,4zmKGsrXjLmljb5fTaBTot,spotify:track:4zmKGsrXjLmljb5fTaBTot,0.797,0.664,0.399,3.13E-06,0.105,-10.997,0.0349,109.937,0.265,73,229942
282,Karma (feat. Ice Spice),Midnights (The Til Dawn Edition),26-05-2023,23,4i6cwNY6oIUU2XZxPIw82Y,spotify:track:4i6cwNY6oIUU2XZxPIw82Y,0.0574,0.615,0.626,0,0.596,-6.548,0.0778,89.984,0.0705,64,201493
283,Mine (Taylor's Version),Speak Now (Taylor's Version),07-07-2023,1,7G0gBu6nLdhFDPRLc0HdDG,spotify:track:7G0gBu6nLdhFDPRLc0HdDG,0.00314,0.647,0.793,1.93E-06,0.174,-2.903,0.0363,121.101,0.5,74,231706
284,Sparks Fly (Taylor's Version),Speak Now (Taylor's Version),07-07-2023,2,3MytWN8L7shNYzGl4tAKRp,spotify:track:3MytWN8L7shNYzGl4tAKRp,0.0241,0.605,0.769,0,0.0936,-2.413,0.032,114.921,0.366,72,261230
285,Back To December (Taylor's Version),Speak Now (Taylor's Version),07-07-2023,3,79uDOz0zuuWS7HWxzMmTa2,spotify:track:79uDOz0zuuWS7HWxzMmTa2,0.00705,0.486,0.635,0,0.119,-3.994,0.0278,141.868,0.235,74,294189
286,Speak Now (Taylor's Version),Speak Now (Taylor's Version),07-07-2023,4,5xXqyjLicvEpch72qEryFT,spotify:track:5xXqyjLicvEpch72qEryFT,0.225,0.734,0.686,0,0.136,-2.926,0.0349,119.002,0.598,69,242473
287,Dear John (Taylor's Version),Speak Now (Taylor's Version),07-07-2023,5,1zU8j1x3yi9xalMF96pzKp,spotify:track:1zU8j1x3yi9xalMF96pzKp,0.0327,0.379,0.468,0,0.158,-5.07,0.0298,119.447,0.115,69,405906
288,Mean (Taylor's Version),Speak Now (Taylor's Version),07-07-2023,6,30Y4CV7A6YqtQtTTo7Ue4j,spotify:track:30Y4CV7A6YqtQtTTo7Ue4j,0.321,0.526,0.7,0,0.213,-3.95,0.0392,163.949,0.596,69,238693
289,The Story Of Us (Taylor's Version),Speak Now (Taylor's Version),07-07-2023,7,6dTA6y0C2ReQklntzZl8l3,spotify:track:6dTA6y0C2ReQklntzZl8l3,0.00136,0.516,0.784,0,0.0499,-2.636,0.0563,139.787,0.552,70,267653
290,Never Grow Up (Taylor's Version),Speak Now (Taylor's Version),07-07-2023,8,2EFZ9emtKWEglWUQGEQ3P9,spotify:track:2EFZ9emtKWEglWUQGEQ3P9,0.867,0.684,0.339,0,0.194,-7.259,0.029,125.054,0.572,65,292920
291,Enchanted (Taylor's Version),Speak Now (Taylor's Version),07-07-2023,9,3sW3oSbzsfecv9XoUdGs7h,spotify:track:3sW3oSbzsfecv9XoUdGs7h,0.016,0.52,0.553,0,0.165,-3.546,0.0269,81.949,0.227,80,353253
292,Better Than Revenge (Taylor's Version),Speak Now (Taylor's Version),07-07-2023,10,0NwGC0v03ysCYINtg6ns58,spotify:track:0NwGC0v03ysCYINtg6ns58,0.000795,0.505,0.893,0,0.178,-3.013,0.0771,145.913,0.659,71,220306
293,Innocent (Taylor's Version),Speak Now (Taylor's Version),07-07-2023,11,12nBPF4Rh4XLFJV0YLN7uj,spotify:track:12nBPF4Rh4XLFJV0YLN7uj,0.0972,0.524,0.611,0,0.127,-5.298,0.0297,133.583,0.126,63,301221
294,Haunted (Taylor's Version),Speak Now (Taylor's Version),07-07-2023,12,4tMzIAFTFdqGBQLdfbPces,spotify:track:4tMzIAFTFdqGBQLdfbPces,0.00552,0.44,0.916,0,0.252,-1.927,0.0629,162.025,0.371,69,245413
295,Last Kiss (Taylor's Version),Speak Now (Taylor's Version),07-07-2023,13,59KOoHFcw5XfICnO57holu,spotify:track:59KOoHFcw5XfICnO57holu,0.443,0.557,0.362,3.57E-06,0.1,-8.641,0.0263,79.573,0.187,69,369120
296,Long Live (Taylor's Version),Speak Now (Taylor's Version),07-07-2023,14,4hqJ4bSlYJOXb6Z4SRmzxs,spotify:track:4hqJ4bSlYJOXb6Z4SRmzxs,0.0162,0.38,0.628,0,0.227,-4.054,0.038,203.826,0.0984,73,317960
297,Ours (Taylor's Version),Speak Now (Taylor's Version),07-07-2023,15,3yNJkriPzWjkkDAWHIAVUq,spotify:track:3yNJkriPzWjkkDAWHIAVUq,0.42,0.539,0.475,0,0.109,-8.411,0.0287,159.824,0.293,66,235803
298,Superman (Taylor's Version),Speak Now (Taylor's Version),07-07-2023,16,4evLyY5Ue1Wesc61t2KXAU,spotify:track:4evLyY5Ue1Wesc61t2KXAU,0.00207,0.537,0.733,0,0.11,-3.506,0.0302,131.898,0.347,62,274945
299,Electric Touch (feat. Fall Out Boy) (Taylor's Version) (From The Vault),Speak Now (Taylor's Version),07-07-2023,17,4e3ZNTAV6PCrdYMUrUlMpQ,spotify:track:4e3ZNTAV6PCrdYMUrUlMpQ,0.018,0.547,0.854,0,0.156,-4.753,0.0526,131.068,0.26,68,266466
300,When Emma Falls in Love (Taylor's Version) (From The Vault),Speak Now (Taylor's Version),07-07-2023,18,0zo975x58DlXbZllWvfYhg,spotify:track:0zo975x58DlXbZllWvfYhg,0.168,0.524,0.759,0,0.104,-4.714,0.0471,77.879,0.234,66,252385
301,I Can See You (Taylor's Version) (From The Vault),Speak Now (Taylor's Version),07-07-2023,19,5kHMfzgLZP95O9NBy0ku4v,spotify:track:5kHMfzgLZP95O9NBy0ku4v,0.0577,0.695,0.768,0,0.0426,-4.883,0.0344,123.054,0.813,75,273186
302,Castles Crumbling (feat. Hayley Williams) (Taylor's Version) (From The Vault),Speak Now (Taylor's Version),07-07-2023,20,4ABYxlb92WBIjHu7TIKmml,spotify:track:4ABYxlb92WBIjHu7TIKmml,0.342,0.578,0.565,0,0.0662,-8.064,0.0441,147.781,0.351,67,306062
303,Foolish One (Taylor's Version) (From The Vault),Speak Now (Taylor's Version),07-07-2023,21,4s8BIKx4Zh6ryAEz8RTlaU,spotify:track:4s8BIKx4Zh6ryAEz8RTlaU,0.599,0.672,0.613,0,0.112,-4.709,0.0298,97.041,0.557,68,311765
304,Timeless (Taylor's Version) (From The Vault),Speak Now (Taylor's Version),07-07-2023,22,1HCdems7PQZRj42QDWLA0A,spotify:track:1HCdems7PQZRj42QDWLA0A,0.332,0.629,0.578,0,0.0868,-5.806,0.0319,142.887,0.651,69,321396
305,Welcome To New York (Taylor's Version),1989 (Taylor's Version),26-10-2023,1,1hR8BSuEqPCCZfv93zzzz9,spotify:track:1hR8BSuEqPCCZfv93zzzz9,0.00661,0.76,0.602,0.000133,0.325,-4.871,0.0316,116.989,0.685,71,212600
306,Blank Space (Taylor's Version),1989 (Taylor's Version),26-10-2023,2,45wMBGri1PORPjM9PwFfrS,spotify:track:45wMBGri1PORPjM9PwFfrS,0.0901,0.732,0.719,0,0.331,-5.469,0.0645,96.035,0.71,80,231833
307,Style (Taylor's Version),1989 (Taylor's Version),26-10-2023,3,1hjRhYpWyqDpPahmSlUTlc,spotify:track:1hjRhYpWyqDpPahmSlUTlc,0.000456,0.514,0.821,0.0232,0.0946,-4.803,0.0444,94.884,0.298,79,231000
308,Out Of The Woods (Taylor's Version),1989 (Taylor's Version),26-10-2023,4,045ZeOHPIzhxxsm8bq5kyE,spotify:track:045ZeOHPIzhxxsm8bq5kyE,0.000466,0.544,0.884,0.000134,0.381,-5.973,0.0383,91.981,0.184,73,235800
309,All You Had To Do Was Stay (Taylor's Version),1989 (Taylor's Version),26-10-2023,5,6GXgd1BPD9bUpqw5AntGV5,spotify:track:6GXgd1BPD9bUpqw5AntGV5,0.000778,0.589,0.713,0,0.188,-5.614,0.0308,97.069,0.54,69,193289
310,Shake It Off (Taylor's Version),1989 (Taylor's Version),26-10-2023,6,3pv7Q5v2dpdefwdWIvE7yH,spotify:track:3pv7Q5v2dpdefwdWIvE7yH,0.0112,0.632,0.805,2.51E-05,0.156,-5.707,0.069,160.052,0.903,75,219209
311,I Wish You Would (Taylor's Version),1989 (Taylor's Version),26-10-2023,7,43y1WpBdnEy5TR9aZoSQL9,spotify:track:43y1WpBdnEy5TR9aZoSQL9,0.00388,0.671,0.853,9.48E-06,0.0812,-6.568,0.0417,118.032,0.523,68,207650
312,Bad Blood (Taylor's Version),1989 (Taylor's Version),26-10-2023,8,64FzgoLZ3oXu2SriZblHic,spotify:track:64FzgoLZ3oXu2SriZblHic,0.0369,0.624,0.711,3.13E-06,0.19,-6.347,0.159,169.999,0.347,71,211103
313,Wildest Dreams (Taylor's Version),1989 (Taylor's Version),26-10-2023,9,1K39ty6o1sHwwlZwO6a7wK,spotify:track:1K39ty6o1sHwwlZwO6a7wK,0.0348,0.587,0.663,9.95E-05,0.0971,-7.439,0.0598,139.993,0.539,77,220433
314,How You Get The Girl (Taylor's Version),1989 (Taylor's Version),26-10-2023,10,75W3SngKzTuoQ94uLf3y82,spotify:track:75W3SngKzTuoQ94uLf3y82,0.00198,0.761,0.67,1.08E-05,0.0873,-5.956,0.0537,120.014,0.519,67,247533
315,This Love (Taylor's Version),1989 (Taylor's Version),26-10-2023,11,5QVVjX0ZItqlVpEuVCM9Yg,spotify:track:5QVVjX0ZItqlVpEuVCM9Yg,0.302,0.47,0.494,0,0.0672,-8.672,0.0349,144.039,0.0524,67,250100
316,I Know Places (Taylor's Version),1989 (Taylor's Version),26-10-2023,12,2f0GI2ZLUtbGqFx8t2Gk6A,spotify:track:2f0GI2ZLUtbGqFx8t2Gk6A,0.0846,0.572,0.807,0,0.071,-5.348,0.0574,160.015,0.626,66,195700
317,Clean (Taylor's Version),1989 (Taylor's Version),26-10-2023,13,2ByBBvpR9b7IynvRmnG7kG,spotify:track:2ByBBvpR9b7IynvRmnG7kG,0.297,0.782,0.379,2.98E-05,0.103,-8.964,0.0303,103.99,0.267,70,271000
318,Wonderland (Taylor's Version),1989 (Taylor's Version),26-10-2023,14,2ve0kuaWUCt4Zx8x4bf1MR,spotify:track:2ve0kuaWUCt4Zx8x4bf1MR,0.0105,0.387,0.703,1.10E-05,0.128,-5.956,0.0545,123.18,0.32,67,245566
319,You Are In Love (Taylor's Version),1989 (Taylor's Version),26-10-2023,15,4UwqOWDpdeIDVQDuKT6iza,spotify:track:4UwqOWDpdeIDVQDuKT6iza,0.572,0.554,0.509,2.08E-06,0.113,-9.403,0.0455,85.079,0.401,69,267389
320,New Romantics (Taylor's Version),1989 (Taylor's Version),26-10-2023,16,2vPMoMDXxu9uX1igWZmXSG,spotify:track:2vPMoMDXxu9uX1igWZmXSG,0.00516,0.653,0.848,4.24E-06,0.0798,-5.936,0.0583,122.017,0.724,74,230177
321,"""Slut!"" (Taylor's Version) (From The Vault)",1989 (Taylor's Version),26-10-2023,17,71BqAINEnezjQfxE4VuJfq,spotify:track:71BqAINEnezjQfxE4VuJfq,0.33,0.621,0.415,0.000112,0.0634,-13.187,0.0543,77.978,0.313,77,180381
322,Say Don't Go (Taylor's Version) (From The Vault),1989 (Taylor's Version),26-10-2023,18,4NioO5R9sHEZh4cGzMHyNt,spotify:track:4NioO5R9sHEZh4cGzMHyNt,0.0684,0.632,0.539,5.82E-06,0.132,-8.375,0.0342,109.962,0.186,73,279833
323,Now That We Don't Talk (Taylor's Version) (From The Vault),1989 (Taylor's Version),26-10-2023,19,5KD6AEm19QnMbfWpfoOHMl,spotify:track:5KD6AEm19QnMbfWpfoOHMl,0.16,0.8,0.509,3.05E-05,0.0834,-9.386,0.034,109.994,0.0768,77,146436
324,Suburban Legends (Taylor's Version) (From The Vault),1989 (Taylor's Version),26-10-2023,20,6T0sEnqjmHISIKwFETeeiP,spotify:track:6T0sEnqjmHISIKwFETeeiP,0.212,0.695,0.607,0,0.102,-8.84,0.0357,118.043,0.394,68,171818
325,Is It Over Now? (Taylor's Version) (From The Vault),1989 (Taylor's Version),26-10-2023,21,1Iq8oo9XkmmvCQiGOfORiz,spotify:track:1Iq8oo9XkmmvCQiGOfORiz,0.0486,0.599,0.651,0,0.126,-7.343,0.035,100.001,0.153,78,229477
326,Bad Blood (feat. Kendrick Lamar) (Taylor's Version),1989 (Taylor's Version) [Deluxe],27-10-2023,22,6qAcApH8obo8eqatCKUHd9,spotify:track:6qAcApH8obo8eqatCKUHd9,0.0143,0.604,0.644,0,0.237,-6.931,0.0889,170.088,0.197,74,199773
327,Fortnight (feat. Post Malone),THE TORTURED POETS DEPARTMENT,18-04-2024,1,2OzhQlSqBEmt7hmkYxfT6m,spotify:track:2OzhQlSqBEmt7hmkYxfT6m,0.502,0.504,0.386,1.53E-05,0.0961,-10.976,0.0308,192.004,0.281,91,228965
328,The Tortured Poets Department,THE TORTURED POETS DEPARTMENT,18-04-2024,2,3NMrVbIVWT3fPXBj0rNDKG,spotify:track:3NMrVbIVWT3fPXBj0rNDKG,0.0483,0.604,0.428,0,0.126,-8.441,0.0255,110.259,0.292,75,293048
329,My Boy Only Breaks His Favorite Toys,THE TORTURED POETS DEPARTMENT,18-04-2024,3,2XXwLdtuAcE0HSCu61ijAb,spotify:track:2XXwLdtuAcE0HSCu61ijAb,0.137,0.596,0.563,0,0.302,-7.362,0.0269,97.073,0.481,77,203801
330,Down Bad,THE TORTURED POETS DEPARTMENT,18-04-2024,4,2F3N9tdombb64aW6VtZOdo,spotify:track:2F3N9tdombb64aW6VtZOdo,0.56,0.541,0.366,1.00E-06,0.0946,-10.412,0.0748,159.707,0.168,82,261228
331,"So Long, London",THE TORTURED POETS DEPARTMENT,18-04-2024,5,3Vevii7qKqrmW8CcyzBHDl,spotify:track:3Vevii7qKqrmW8CcyzBHDl,0.73,0.423,0.533,0.00264,0.0816,-11.388,0.322,160.218,0.248,78,262974
332,But Daddy I Love Him,THE TORTURED POETS DEPARTMENT,18-04-2024,6,5og4Qzt92jJzVDkOtSEilb,spotify:track:5og4Qzt92jJzVDkOtSEilb,0.384,0.521,0.72,0,0.135,-7.684,0.104,79.943,0.438,78,340428
333,Fresh Out The Slammer,THE TORTURED POETS DEPARTMENT,18-04-2024,7,3fO566xJgwxIa3qGCGBvIC,spotify:track:3fO566xJgwxIa3qGCGBvIC,0.624,0.33,0.483,0,0.111,-9.394,0.0399,87.115,0.34,69,210789
334,Florida!!! (feat. Florence + The Machine),THE TORTURED POETS DEPARTMENT,18-04-2024,8,3ZVFcD8Wlw9T9klGqmJf9F,spotify:track:3ZVFcD8Wlw9T9klGqmJf9F,0.178,0.533,0.573,0,0.309,-7.123,0.138,150.088,0.398,76,215463
335,Guilty as Sin?,THE TORTURED POETS DEPARTMENT,18-04-2024,9,0W0iAC1VGlB82PI6elxFYf,spotify:track:0W0iAC1VGlB82PI6elxFYf,0.607,0.626,0.428,0,0.0921,-8.374,0.0261,94.95,0.487,82,254365
336,Who's Afraid of Little Old Me?,THE TORTURED POETS DEPARTMENT,18-04-2024,10,36t6frENUtCYKuZus6aYDO,spotify:track:36t6frENUtCYKuZus6aYDO,0.315,0.606,0.338,0,0.106,-10.555,0.048,119.88,0.238,80,334084
337,I Can Fix Him (No Really I Can),THE TORTURED POETS DEPARTMENT,18-04-2024,11,2h3MDMf8sd9s4XIzpTBIjX,spotify:track:2h3MDMf8sd9s4XIzpTBIjX,0.768,0.661,0.257,1.72E-06,0.176,-13.961,0.045,106.896,0.318,67,156297
338,loml,THE TORTURED POETS DEPARTMENT,18-04-2024,12,6RSG1dKPV5gEvILwJb4QtS,spotify:track:6RSG1dKPV5gEvILwJb4QtS,0.858,0.423,0.272,0,0.108,-12.56,0.0489,78.539,0.195,75,277156
339,I Can Do It With a Broken Heart,THE TORTURED POETS DEPARTMENT,18-04-2024,13,4q5YezDOIPcoLr8R81x9qy,spotify:track:4q5YezDOIPcoLr8R81x9qy,0.123,0.701,0.751,0,0.15,-8.39,0.0502,129.994,0.22,88,218004
340,The Smallest Man Who Ever Lived,THE TORTURED POETS DEPARTMENT,18-04-2024,14,2v1ivOOsgn64g5OywuH55L,spotify:track:2v1ivOOsgn64g5OywuH55L,0.52,0.426,0.41,0,0.338,-9.083,0.0581,142.377,0.263,74,245541
341,The Alchemy,THE TORTURED POETS DEPARTMENT,18-04-2024,15,1dhMTsEZz6ZEquGvmzVoHn,spotify:track:1dhMTsEZz6ZEquGvmzVoHn,0.422,0.64,0.421,0,0.103,-8.802,0.0273,100.056,0.353,73,196900
342,Clara Bow,THE TORTURED POETS DEPARTMENT,18-04-2024,16,1UlhrRvYzbHEyugEDspXUB,spotify:track:1UlhrRvYzbHEyugEDspXUB,0.636,0.686,0.318,0.00144,0.106,-11.046,0.0263,104.088,0.214,67,216662
343,The Black Dog,THE TORTURED POETS DEPARTMENT: THE ANTHOLOGY,19-04-2024,17,62E2nR0od0M5HYxuYLaDz7,spotify:track:62E2nR0od0M5HYxuYLaDz7,0.707,0.527,0.27,0,0.102,-10.855,0.038,154.042,0.23,79,238857
344,imgonnagetyouback,THE TORTURED POETS DEPARTMENT: THE ANTHOLOGY,19-04-2024,18,1kcwpPDQnqEqmezzXdJTCP,spotify:track:1kcwpPDQnqEqmezzXdJTCP,0.608,0.784,0.391,0,0.252,-9.471,0.0633,110.007,0.15,81,222072
345,The Albatross,THE TORTURED POETS DEPARTMENT: THE ANTHOLOGY,19-04-2024,19,4EF6IyONolQy0bIQXm2EmX,spotify:track:4EF6IyONolQy0bIQXm2EmX,0.655,0.352,0.479,0,0.0935,-8.942,0.0583,172.013,0.292,77,183878
346,Chloe or Sam or Sophia or Marcus,THE TORTURED POETS DEPARTMENT: THE ANTHOLOGY,19-04-2024,20,1rmEsOezwf2lmIZTMAO5Ag,spotify:track:1rmEsOezwf2lmIZTMAO5Ag,0.78,0.516,0.451,0,0.105,-8.552,0.0446,70.266,0.218,77,213281
347,How Did It End?,THE TORTURED POETS DEPARTMENT: THE ANTHOLOGY,19-04-2024,21,5Bedn0svl0ZD7RGmJkmKKw,spotify:track:5Bedn0svl0ZD7RGmJkmKKw,0.785,0.492,0.379,0.00093,0.108,-8.859,0.0257,83.993,0.273,80,238706
348,So High School,THE TORTURED POETS DEPARTMENT: THE ANTHOLOGY,19-04-2024,22,7Mts0OfPorF4iwOomvfqn1,spotify:track:7Mts0OfPorF4iwOomvfqn1,0.0274,0.366,0.866,3.07E-06,0.106,-4.514,0.0466,176.07,0.293,82,228800
349,I Hate It Here,THE TORTURED POETS DEPARTMENT: THE ANTHOLOGY,19-04-2024,23,3hlGuz3loYoLfI3bpwieWq,spotify:track:3hlGuz3loYoLfI3bpwieWq,0.717,0.485,0.562,0,0.357,-7.197,0.0346,105.953,0.297,78,243875
350,thanK you aIMee,THE TORTURED POETS DEPARTMENT: THE ANTHOLOGY,19-04-2024,24,7ogK4lJDVDMU6A6vYR5rvD,spotify:track:7ogK4lJDVDMU6A6vYR5rvD,0.609,0.609,0.541,0,0.122,-8.013,0.0346,95.997,0.252,76,263817
351,I Look in People's Windows,THE TORTURED POETS DEPARTMENT: THE ANTHOLOGY,19-04-2024,25,1Zai5UJ2di3qEuR2HeT2s8,spotify:track:1Zai5UJ2di3qEuR2HeT2s8,0.69,0.763,0.274,0,0.164,-11.429,0.0738,90.796,0.385,76,131907
352,The Prophecy,THE TORTURED POETS DEPARTMENT: THE ANTHOLOGY,19-04-2024,26,18WFFUIsewmA8g31KAeo3e,spotify:track:18WFFUIsewmA8g31KAeo3e,0.825,0.421,0.525,2.67E-06,0.308,-10.359,0.0472,167.927,0.535,81,249807
353,Cassandra,THE TORTURED POETS DEPARTMENT: THE ANTHOLOGY,19-04-2024,27,0g4fMVo4JjwnIpTfFfLdxS,spotify:track:0g4fMVo4JjwnIpTfFfLdxS,0.806,0.587,0.587,0,0.137,-9.879,0.0595,139.963,0.514,76,240205
354,Peter,THE TORTURED POETS DEPARTMENT: THE ANTHOLOGY,19-04-2024,28,3zMDGj4D8ogaYgAIZPeU7S,spotify:track:3zMDGj4D8ogaYgAIZPeU7S,0.805,0.342,0.376,0,0.0593,-8.212,0.0372,176.859,0.29,77,283957
355,The Bolter,THE TORTURED POETS DEPARTMENT: THE ANTHOLOGY,19-04-2024,29,2913xXOVAIDAqxzV2g4VcU,spotify:track:2913xXOVAIDAqxzV2g4VcU,0.638,0.455,0.586,0,0.131,-7.978,0.0492,183.694,0.481,77,238241
356,Robin,THE TORTURED POETS DEPARTMENT: THE ANTHOLOGY,19-04-2024,30,2CnjDMdpRjlWv04Xk3s6MW,spotify:track:2CnjDMdpRjlWv04Xk3s6MW,0.791,0.476,0.386,0.000423,0.1,-10.601,0.03,138.265,0.158,73,240893
357,The Manuscript,THE TORTURED POETS DEPARTMENT: THE ANTHOLOGY,19-04-2024,31,1DTRUYVd8rYpla9hhVVwjo,spotify:track:1DTRUYVd8rYpla9hhVVwjo,0.901,0.509,0.256,2.43E-06,0.103,-11.665,0.0306,94.184,0.436,74,224743
